user_id,dt,is_active,learning_duration_min
S001,2025/9/1,0,0
S001,2025/9/2,1,5.3
S001,2025/9/3,1,3.85
S001,2025/9/4,1,0.22
S001,2025/9/5,1,1.72
S001,2025/9/6,1,10.27
S001,2025/9/7,0,0
S001,2025/9/8,1,1.68
S001,2025/9/9,1,1.77
S001,2025/9/10,1,0.52
S001,2025/9/11,1,1.87
S001,2025/9/12,1,3.15
S001,2025/9/13,1,6.8
S001,2025/9/14,1,0.98
S001,2025/9/15,1,2.28
S001,2025/9/16,1,0.58
S001,2025/9/17,1,1.35
S001,2025/9/18,1,4.33
S001,2025/9/19,0,0
S001,2025/9/20,0,0
S001,2025/9/21,0,0
S001,2025/9/22,1,24.3
S001,2025/9/23,0,0
S001,2025/9/24,0,0
S001,2025/9/25,1,49.27
S001,2025/9/26,0,0
S001,2025/9/27,1,21.88
S001,2025/9/28,1,4.1
S001,2025/9/29,1,1.78
S001,2025/9/30,1,1.2
S002,2025/9/1,0,0
S002,2025/9/2,1,0.55
S002,2025/9/3,1,0.87
S002,2025/9/4,0,0
S002,2025/9/5,0,0
S002,2025/9/6,0,0
S002,2025/9/7,1,0.82
S002,2025/9/8,1,0.38
S002,2025/9/9,0,0
S002,2025/9/10,1,0.85
S002,2025/9/11,0,0
S002,2025/9/12,0,0
S002,2025/9/13,1,2
S002,2025/9/14,1,0.63
S002,2025/9/15,1,1.52
S002,2025/9/16,1,23.73
S002,2025/9/17,1,3.28
S002,2025/9/18,1,6.92
S002,2025/9/19,1,2.2
S002,2025/9/20,1,10.78
S002,2025/9/21,1,8.4
S002,2025/9/22,1,2.02
S002,2025/9/23,1,8.68
S002,2025/9/24,1,0.27
S002,2025/9/25,1,10.05
S002,2025/9/26,0,0
S002,2025/9/27,1,0.65
S002,2025/9/28,0,0
S002,2025/9/29,1,6.08
S002,2025/9/30,1,5.88
S003,2025/9/1,0,0
S003,2025/9/2,1,21.87
S003,2025/9/3,1,13.45
S003,2025/9/4,1,1.65
S003,2025/9/5,1,8.38
S003,2025/9/6,1,15.63
S003,2025/9/7,1,0.17
S003,2025/9/8,1,6.45
S003,2025/9/9,0,0
S003,2025/9/10,1,0.05
S003,2025/9/11,1,0.75
S003,2025/9/12,1,0.35
S003,2025/9/13,1,1.5
S003,2025/9/14,1,19.15
S003,2025/9/15,1,0.55
S003,2025/9/16,0,0
S003,2025/9/17,0,0
S003,2025/9/18,1,2.35
S003,2025/9/19,0,0
S003,2025/9/20,1,5.7
S003,2025/9/21,0,0
S003,2025/9/22,0,0
S003,2025/9/23,1,20.07
S003,2025/9/24,0,0
S003,2025/9/25,1,2.32
S003,2025/9/26,1,12.05
S003,2025/9/27,1,14.2
S003,2025/9/28,1,8.82
S003,2025/9/29,1,6.82
S003,2025/9/30,1,15.6
S004,2025/9/1,0,0
S004,2025/9/2,0,0
S004,2025/9/3,1,0.77
S004,2025/9/4,1,0.78
S004,2025/9/5,1,2.3
S004,2025/9/6,1,0.18
S004,2025/9/7,1,2.7
S004,2025/9/8,0,0
S004,2025/9/9,1,17.18
S004,2025/9/10,1,8.9
S004,2025/9/11,1,0.47
S004,2025/9/12,0,0
S004,2025/9/13,0,0
S004,2025/9/14,1,19.25
S004,2025/9/15,1,15.03
S004,2025/9/16,1,2.43
S004,2025/9/17,1,23.08
S004,2025/9/18,1,18.33
S004,2025/9/19,0,0
S004,2025/9/20,1,0.4
S004,2025/9/21,1,0.28
S004,2025/9/22,0,0
S004,2025/9/23,0,0
S004,2025/9/24,1,0.32
S004,2025/9/25,1,0.27
S004,2025/9/26,1,5.92
S004,2025/9/27,1,0.93
S004,2025/9/28,1,1
S004,2025/9/29,0,0
S004,2025/9/30,1,1.8
S005,2025/9/1,0,0
S005,2025/9/2,0,0
S005,2025/9/3,1,1.85
S005,2025/9/4,1,0.23
S005,2025/9/5,1,10.27
S005,2025/9/6,1,0.47
S005,2025/9/7,1,4.05
S005,2025/9/8,0,0
S005,2025/9/9,1,6.57
S005,2025/9/10,0,0
S005,2025/9/11,1,2.07
S005,2025/9/12,0,0
S005,2025/9/13,0,0
S005,2025/9/14,1,0.78
S005,2025/9/15,1,2.83
S005,2025/9/16,1,12.87
S005,2025/9/17,1,5.6
S005,2025/9/18,0,0
S005,2025/9/19,1,8.08
S005,2025/9/20,0,0
S005,2025/9/21,0,0
S005,2025/9/22,0,0
S005,2025/9/23,0,0
S005,2025/9/24,1,10.2
S005,2025/9/25,1,47.22
S005,2025/9/26,1,0.92
S005,2025/9/27,1,17.9
S005,2025/9/28,0,0
S005,2025/9/29,1,1.38
S005,2025/9/30,0,0
S006,2025/9/1,0,0
S006,2025/9/2,0,0
S006,2025/9/3,0,0
S006,2025/9/4,1,15.62
S006,2025/9/5,1,5.9
S006,2025/9/6,0,0
S006,2025/9/7,1,1.37
S006,2025/9/8,0,0
S006,2025/9/9,0,0
S006,2025/9/10,1,15.65
S006,2025/9/11,1,2.18
S006,2025/9/12,0,0
S006,2025/9/13,0,0
S006,2025/9/14,1,9.63
S006,2025/9/15,1,16.63
S006,2025/9/16,1,1.48
S006,2025/9/17,1,33.1
S006,2025/9/18,1,6.87
S006,2025/9/19,1,6.05
S006,2025/9/20,1,6.9
S006,2025/9/21,1,14.78
S006,2025/9/22,0,0
S006,2025/9/23,1,3.73
S006,2025/9/24,1,0.63
S006,2025/9/25,0,0
S006,2025/9/26,1,0.78
S006,2025/9/27,1,1.93
S006,2025/9/28,1,5.6
S006,2025/9/29,1,16.57
S006,2025/9/30,1,3.98
S007,2025/9/1,0,0
S007,2025/9/2,1,2.47
S007,2025/9/3,0,0
S007,2025/9/4,1,4.45
S007,2025/9/5,1,6.43
S007,2025/9/6,0,0
S007,2025/9/7,1,3.28
S007,2025/9/8,1,2.2
S007,2025/9/9,1,0.35
S007,2025/9/10,1,6.15
S007,2025/9/11,0,0
S007,2025/9/12,0,0
S007,2025/9/13,1,2.3
S007,2025/9/14,0,0
S007,2025/9/15,1,6.7
S007,2025/9/16,0,0
S007,2025/9/17,1,1.1
S007,2025/9/18,0,0
S007,2025/9/19,1,4.68
S007,2025/9/20,1,4.6
S007,2025/9/21,1,24.97
S007,2025/9/22,1,2.65
S007,2025/9/23,1,0.25
S007,2025/9/24,1,4.38
S007,2025/9/25,1,0.78
S007,2025/9/26,0,0
S007,2025/9/27,1,0.73
S007,2025/9/28,1,5.65
S007,2025/9/29,1,2.47
S007,2025/9/30,0,0
S008,2025/9/1,0,0
S008,2025/9/2,0,0
S008,2025/9/3,0,0
S008,2025/9/4,1,1.17
S008,2025/9/5,1,1.33
S008,2025/9/6,1,11.05
S008,2025/9/7,1,1.3
S008,2025/9/8,1,7.87
S008,2025/9/9,1,1.58
S008,2025/9/10,1,6.68
S008,2025/9/11,1,0.02
S008,2025/9/12,1,7.72
S008,2025/9/13,1,16.53
S008,2025/9/14,0,0
S008,2025/9/15,1,0.12
S008,2025/9/16,0,0
S008,2025/9/17,1,0.17
S008,2025/9/18,1,0.58
S008,2025/9/19,1,1.7
S008,2025/9/20,1,0.65
S008,2025/9/21,1,1.32
S008,2025/9/22,0,0
S008,2025/9/23,1,4.58
S008,2025/9/24,1,3.45
S008,2025/9/25,1,13.02
S008,2025/9/26,0,0
S008,2025/9/27,1,2.83
S008,2025/9/28,1,10.8
S008,2025/9/29,1,1.47
S008,2025/9/30,0,0
S009,2025/9/1,0,0
S009,2025/9/2,0,0
S009,2025/9/3,1,3.73
S009,2025/9/4,0,0
S009,2025/9/5,1,0.33
S009,2025/9/6,0,0
S009,2025/9/7,1,4.12
S009,2025/9/8,1,1.82
S009,2025/9/9,1,1.3
S009,2025/9/10,1,0.55
S009,2025/9/11,1,0.68
S009,2025/9/12,0,0
S009,2025/9/13,1,0.13
S009,2025/9/14,1,0.85
S009,2025/9/15,1,1.67
S009,2025/9/16,1,4.75
S009,2025/9/17,1,0.92
S009,2025/9/18,1,3.52
S009,2025/9/19,1,2.25
S009,2025/9/20,1,0.42
S009,2025/9/21,0,0
S009,2025/9/22,1,2.37
S009,2025/9/23,1,1.78
S009,2025/9/24,1,0.63
S009,2025/9/25,1,0.22
S009,2025/9/26,1,2.72
S009,2025/9/27,1,3.48
S009,2025/9/28,0,0
S009,2025/9/29,1,1.97
S009,2025/9/30,1,0.12
S010,2025/9/1,0,0
S010,2025/9/2,0,0
S010,2025/9/3,0,0
S010,2025/9/4,1,5.22
S010,2025/9/5,1,0.28
S010,2025/9/6,1,4.08
S010,2025/9/7,0,0
S010,2025/9/8,0,0
S010,2025/9/9,1,2.72
S010,2025/9/10,1,0.97
S010,2025/9/11,1,0.3
S010,2025/9/12,0,0
S010,2025/9/13,0,0
S010,2025/9/14,0,0
S010,2025/9/15,1,1.98
S010,2025/9/16,1,1.02
S010,2025/9/17,0,0
S010,2025/9/18,1,2.78
S010,2025/9/19,1,0.63
S010,2025/9/20,1,7.33
S010,2025/9/21,1,0.13
S010,2025/9/22,1,5.5
S010,2025/9/23,1,3.07
S010,2025/9/24,1,1.87
S010,2025/9/25,1,11.72
S010,2025/9/26,1,0.25
S010,2025/9/27,0,0
S010,2025/9/28,1,6.23
S010,2025/9/29,1,0.22
S010,2025/9/30,1,2.97
S011,2025/9/1,1,0.73
S011,2025/9/2,0,0
S011,2025/9/3,1,1.63
S011,2025/9/4,1,0.18
S011,2025/9/5,0,0
S011,2025/9/6,1,2.62
S011,2025/9/7,1,13.77
S011,2025/9/8,0,0
S011,2025/9/9,1,4.38
S011,2025/9/10,1,3.67
S011,2025/9/11,0,0
S011,2025/9/12,0,0
S011,2025/9/13,1,21.23
S011,2025/9/14,1,8.38
S011,2025/9/15,1,0.37
S011,2025/9/16,1,0.8
S011,2025/9/17,1,11.62
S011,2025/9/18,1,2.85
S011,2025/9/19,1,8.12
S011,2025/9/20,1,1.4
S011,2025/9/21,1,1.82
S011,2025/9/22,1,9.9
S011,2025/9/23,1,1.35
S011,2025/9/24,0,0
S011,2025/9/25,1,0.93
S011,2025/9/26,0,0
S011,2025/9/27,1,1.27
S011,2025/9/28,0,0
S011,2025/9/29,1,18.1
S011,2025/9/30,1,29.18
S012,2025/9/1,0,0
S012,2025/9/2,1,0.58
S012,2025/9/3,0,0
S012,2025/9/4,1,9.02
S012,2025/9/5,1,5.98
S012,2025/9/6,1,0.25
S012,2025/9/7,0,0
S012,2025/9/8,0,0
S012,2025/9/9,0,0
S012,2025/9/10,1,19.42
S012,2025/9/11,1,11.27
S012,2025/9/12,1,2.6
S012,2025/9/13,1,2.67
S012,2025/9/14,1,5.48
S012,2025/9/15,0,0
S012,2025/9/16,1,1.32
S012,2025/9/17,0,0
S012,2025/9/18,0,0
S012,2025/9/19,0,0
S012,2025/9/20,0,0
S012,2025/9/21,1,2.95
S012,2025/9/22,1,0.77
S012,2025/9/23,1,1.62
S012,2025/9/24,0,0
S012,2025/9/25,1,0.05
S012,2025/9/26,1,5.77
S012,2025/9/27,1,0.57
S012,2025/9/28,1,2.5
S012,2025/9/29,1,18.62
S012,2025/9/30,1,0.98
S013,2025/9/1,0,0
S013,2025/9/2,0,0
S013,2025/9/3,0,0
S013,2025/9/4,0,0
S013,2025/9/5,0,0
S013,2025/9/6,0,0
S013,2025/9/7,0,0
S013,2025/9/8,0,0
S013,2025/9/9,0,0
S013,2025/9/10,0,0
S013,2025/9/11,0,0
S013,2025/9/12,0,0
S013,2025/9/13,0,0
S013,2025/9/14,0,0
S013,2025/9/15,0,0
S013,2025/9/16,0,0
S013,2025/9/17,0,0
S013,2025/9/18,0,0
S013,2025/9/19,0,0
S013,2025/9/20,0,0
S013,2025/9/21,0,0
S013,2025/9/22,0,0
S013,2025/9/23,0,0
S013,2025/9/24,0,0
S013,2025/9/25,0,0
S013,2025/9/26,0,0
S013,2025/9/27,0,0
S013,2025/9/28,0,0
S013,2025/9/29,0,0
S013,2025/9/30,0,0
S014,2025/9/1,0,0
S014,2025/9/2,1,1.2
S014,2025/9/3,1,0.12
S014,2025/9/4,1,4.47
S014,2025/9/5,1,18.83
S014,2025/9/6,1,4.25
S014,2025/9/7,1,2.65
S014,2025/9/8,1,0.13
S014,2025/9/9,0,0
S014,2025/9/10,0,0
S014,2025/9/11,1,0.13
S014,2025/9/12,1,0.02
S014,2025/9/13,1,0.08
S014,2025/9/14,1,0.18
S014,2025/9/15,1,0.1
S014,2025/9/16,1,0.2
S014,2025/9/17,1,6.88
S014,2025/9/18,1,1.38
S014,2025/9/19,1,0.93
S014,2025/9/20,1,5.42
S014,2025/9/21,1,1.85
S014,2025/9/22,0,0
S014,2025/9/23,1,5
S014,2025/9/24,1,0.93
S014,2025/9/25,0,0
S014,2025/9/26,1,0.48
S014,2025/9/27,1,2.98
S014,2025/9/28,0,0
S014,2025/9/29,1,2.05
S014,2025/9/30,1,0.08
S015,2025/9/1,0,0
S015,2025/9/2,1,4.43
S015,2025/9/3,1,0.8
S015,2025/9/4,0,0
S015,2025/9/5,1,0.47
S015,2025/9/6,1,0.77
S015,2025/9/7,1,0.6
S015,2025/9/8,0,0
S015,2025/9/9,0,0
S015,2025/9/10,1,0.85
S015,2025/9/11,1,0.27
S015,2025/9/12,1,0.83
S015,2025/9/13,1,4.13
S015,2025/9/14,1,1.52
S015,2025/9/15,1,15.53
S015,2025/9/16,0,0
S015,2025/9/17,1,0.8
S015,2025/9/18,1,2.45
S015,2025/9/19,1,6.48
S015,2025/9/20,1,7.38
S015,2025/9/21,0,0
S015,2025/9/22,1,2.98
S015,2025/9/23,1,2.72
S015,2025/9/24,0,0
S015,2025/9/25,1,0.13
S015,2025/9/26,1,0.32
S015,2025/9/27,1,0.02
S015,2025/9/28,1,1.57
S015,2025/9/29,1,5.97
S015,2025/9/30,1,0.28
S016,2025/9/1,1,0.32
S016,2025/9/2,0,0
S016,2025/9/3,0,0
S016,2025/9/4,1,0.25
S016,2025/9/5,0,0
S016,2025/9/6,1,0.57
S016,2025/9/7,1,0.2
S016,2025/9/8,1,4.78
S016,2025/9/9,0,0
S016,2025/9/10,0,0
S016,2025/9/11,0,0
S016,2025/9/12,1,0.85
S016,2025/9/13,1,1.52
S016,2025/9/14,0,0
S016,2025/9/15,1,2.88
S016,2025/9/16,0,0
S016,2025/9/17,1,0.87
S016,2025/9/18,1,1.08
S016,2025/9/19,1,4.67
S016,2025/9/20,1,1.07
S016,2025/9/21,1,0.23
S016,2025/9/22,0,0
S016,2025/9/23,1,1.85
S016,2025/9/24,0,0
S016,2025/9/25,1,0.83
S016,2025/9/26,1,0.6
S016,2025/9/27,1,1.58
S016,2025/9/28,1,4.57
S016,2025/9/29,1,10.45
S016,2025/9/30,0,0
S017,2025/9/1,1,7.58
S017,2025/9/2,1,1.67
S017,2025/9/3,0,0
S017,2025/9/4,0,0
S017,2025/9/5,0,0
S017,2025/9/6,1,0.17
S017,2025/9/7,0,0
S017,2025/9/8,1,15.75
S017,2025/9/9,1,6.05
S017,2025/9/10,0,0
S017,2025/9/11,0,0
S017,2025/9/12,1,15.28
S017,2025/9/13,0,0
S017,2025/9/14,1,6.13
S017,2025/9/15,1,2.45
S017,2025/9/16,1,11.15
S017,2025/9/17,1,1.33
S017,2025/9/18,1,12.2
S017,2025/9/19,1,6.48
S017,2025/9/20,1,6.9
S017,2025/9/21,0,0
S017,2025/9/22,1,11.55
S017,2025/9/23,0,0
S017,2025/9/24,1,4.4
S017,2025/9/25,1,6.17
S017,2025/9/26,1,2.05
S017,2025/9/27,0,0
S017,2025/9/28,1,2.87
S017,2025/9/29,0,0
S017,2025/9/30,1,3.57
S018,2025/9/1,0,0
S018,2025/9/2,0,0
S018,2025/9/3,0,0
S018,2025/9/4,0,0
S018,2025/9/5,0,0
S018,2025/9/6,0,0
S018,2025/9/7,0,0
S018,2025/9/8,0,0
S018,2025/9/9,0,0
S018,2025/9/10,0,0
S018,2025/9/11,0,0
S018,2025/9/12,0,0
S018,2025/9/13,0,0
S018,2025/9/14,0,0
S018,2025/9/15,0,0
S018,2025/9/16,0,0
S018,2025/9/17,0,0
S018,2025/9/18,0,0
S018,2025/9/19,0,0
S018,2025/9/20,0,0
S018,2025/9/21,0,0
S018,2025/9/22,0,0
S018,2025/9/23,0,0
S018,2025/9/24,0,0
S018,2025/9/25,0,0
S018,2025/9/26,0,0
S018,2025/9/27,0,0
S018,2025/9/28,0,0
S018,2025/9/29,0,0
S018,2025/9/30,0,0
S019,2025/9/1,1,12.05
S019,2025/9/2,0,0
S019,2025/9/3,0,0
S019,2025/9/4,1,8.2
S019,2025/9/5,1,3.48
S019,2025/9/6,1,0.53
S019,2025/9/7,1,5.73
S019,2025/9/8,1,3.7
S019,2025/9/9,1,10.82
S019,2025/9/10,1,1.67
S019,2025/9/11,1,34.3
S019,2025/9/12,1,44.83
S019,2025/9/13,1,11.58
S019,2025/9/14,0,0
S019,2025/9/15,1,50.57
S019,2025/9/16,0,0
S019,2025/9/17,1,1.77
S019,2025/9/18,0,0
S019,2025/9/19,0,0
S019,2025/9/20,1,5.65
S019,2025/9/21,0,0
S019,2025/9/22,1,4.6
S019,2025/9/23,1,1.25
S019,2025/9/24,0,0
S019,2025/9/25,1,47.72
S019,2025/9/26,0,0
S019,2025/9/27,1,0.52
S019,2025/9/28,1,5.02
S019,2025/9/29,1,0.1
S019,2025/9/30,0,0
S020,2025/9/1,0,0
S020,2025/9/2,0,0
S020,2025/9/3,0,0
S020,2025/9/4,0,0
S020,2025/9/5,0,0
S020,2025/9/6,0,0
S020,2025/9/7,0,0
S020,2025/9/8,0,0
S020,2025/9/9,0,0
S020,2025/9/10,0,0
S020,2025/9/11,0,0
S020,2025/9/12,0,0
S020,2025/9/13,0,0
S020,2025/9/14,0,0
S020,2025/9/15,0,0
S020,2025/9/16,0,0
S020,2025/9/17,0,0
S020,2025/9/18,0,0
S020,2025/9/19,0,0
S020,2025/9/20,0,0
S020,2025/9/21,0,0
S020,2025/9/22,0,0
S020,2025/9/23,0,0
S020,2025/9/24,0,0
S020,2025/9/25,0,0
S020,2025/9/26,0,0
S020,2025/9/27,0,0
S020,2025/9/28,0,0
S020,2025/9/29,0,0
S020,2025/9/30,0,0
S021,2025/9/1,0,0
S021,2025/9/2,1,0.77
S021,2025/9/3,1,0.23
S021,2025/9/4,1,0.47
S021,2025/9/5,1,0.77
S021,2025/9/6,0,0
S021,2025/9/7,1,0.95
S021,2025/9/8,1,24.45
S021,2025/9/9,1,7.2
S021,2025/9/10,1,9.63
S021,2025/9/11,1,6.72
S021,2025/9/12,1,0.7
S021,2025/9/13,1,0.33
S021,2025/9/14,0,0
S021,2025/9/15,1,0.4
S021,2025/9/16,1,0.67
S021,2025/9/17,1,12.13
S021,2025/9/18,1,0.57
S021,2025/9/19,1,1.98
S021,2025/9/20,0,0
S021,2025/9/21,0,0
S021,2025/9/22,1,0.7
S021,2025/9/23,1,4.05
S021,2025/9/24,1,5.08
S021,2025/9/25,0,0
S021,2025/9/26,1,0.27
S021,2025/9/27,1,0.93
S021,2025/9/28,1,4.07
S021,2025/9/29,1,44.87
S021,2025/9/30,1,10.82
S022,2025/9/1,1,2.78
S022,2025/9/2,1,1.6
S022,2025/9/3,0,0
S022,2025/9/4,1,45.83
S022,2025/9/5,1,8.83
S022,2025/9/6,1,0.95
S022,2025/9/7,0,0
S022,2025/9/8,1,55.78
S022,2025/9/9,0,0
S022,2025/9/10,1,7.03
S022,2025/9/11,1,7.45
S022,2025/9/12,0,0
S022,2025/9/13,0,0
S022,2025/9/14,1,9.88
S022,2025/9/15,1,17.63
S022,2025/9/16,0,0
S022,2025/9/17,0,0
S022,2025/9/18,1,1
S022,2025/9/19,1,12.25
S022,2025/9/20,1,8.28
S022,2025/9/21,0,0
S022,2025/9/22,0,0
S022,2025/9/23,0,0
S022,2025/9/24,0,0
S022,2025/9/25,1,10.9
S022,2025/9/26,1,0.35
S022,2025/9/27,1,2.98
S022,2025/9/28,1,36.55
S022,2025/9/29,1,24.28
S022,2025/9/30,1,1.07
S023,2025/9/1,1,1.27
S023,2025/9/2,1,0.3
S023,2025/9/3,0,0
S023,2025/9/4,0,0
S023,2025/9/5,1,3.43
S023,2025/9/6,0,0
S023,2025/9/7,1,13.72
S023,2025/9/8,1,0.72
S023,2025/9/9,1,0.65
S023,2025/9/10,1,3.58
S023,2025/9/11,1,3.8
S023,2025/9/12,0,0
S023,2025/9/13,1,0.13
S023,2025/9/14,1,0.08
S023,2025/9/15,1,0.2
S023,2025/9/16,0,0
S023,2025/9/17,1,0.22
S023,2025/9/18,1,0.8
S023,2025/9/19,1,1.25
S023,2025/9/20,0,0
S023,2025/9/21,1,13.38
S023,2025/9/22,1,2.95
S023,2025/9/23,1,0.83
S023,2025/9/24,1,1.48
S023,2025/9/25,1,5.47
S023,2025/9/26,1,1.4
S023,2025/9/27,0,0
S023,2025/9/28,1,15.9
S023,2025/9/29,1,5.22
S023,2025/9/30,0,0
S024,2025/9/1,0,0
S024,2025/9/2,1,0.03
S024,2025/9/3,0,0
S024,2025/9/4,0,0
S024,2025/9/5,1,15.58
S024,2025/9/6,0,0
S024,2025/9/7,1,12.8
S024,2025/9/8,0,0
S024,2025/9/9,0,0
S024,2025/9/10,1,0.88
S024,2025/9/11,1,0.27
S024,2025/9/12,0,0
S024,2025/9/13,1,0.55
S024,2025/9/14,1,0.5
S024,2025/9/15,1,12.5
S024,2025/9/16,1,1.58
S024,2025/9/17,0,0
S024,2025/9/18,0,0
S024,2025/9/19,0,0
S024,2025/9/20,1,9.45
S024,2025/9/21,0,0
S024,2025/9/22,1,0.4
S024,2025/9/23,1,5.45
S024,2025/9/24,1,2.4
S024,2025/9/25,1,0.63
S024,2025/9/26,1,10.48
S024,2025/9/27,1,1.45
S024,2025/9/28,1,0.2
S024,2025/9/29,1,1.7
S024,2025/9/30,1,31.78
S025,2025/9/1,1,1.33
S025,2025/9/2,1,13.63
S025,2025/9/3,0,0
S025,2025/9/4,1,0.28
S025,2025/9/5,1,0.37
S025,2025/9/6,1,48.65
S025,2025/9/7,1,43.5
S025,2025/9/8,1,14.42
S025,2025/9/9,0,0
S025,2025/9/10,0,0
S025,2025/9/11,1,10.5
S025,2025/9/12,1,64.53
S025,2025/9/13,0,0
S025,2025/9/14,1,16.22
S025,2025/9/15,1,66.03
S025,2025/9/16,1,8.3
S025,2025/9/17,0,0
S025,2025/9/18,1,9.05
S025,2025/9/19,1,5.7
S025,2025/9/20,1,6.58
S025,2025/9/21,1,16.3
S025,2025/9/22,0,0
S025,2025/9/23,0,0
S025,2025/9/24,1,22.8
S025,2025/9/25,1,5.93
S025,2025/9/26,0,0
S025,2025/9/27,1,1.48
S025,2025/9/28,0,0
S025,2025/9/29,1,1.32
S025,2025/9/30,0,0
S026,2025/9/1,0,0
S026,2025/9/2,1,0.83
S026,2025/9/3,0,0
S026,2025/9/4,1,0.28
S026,2025/9/5,1,2.98
S026,2025/9/6,1,43.18
S026,2025/9/7,0,0
S026,2025/9/8,1,0.3
S026,2025/9/9,1,11.2
S026,2025/9/10,0,0
S026,2025/9/11,0,0
S026,2025/9/12,0,0
S026,2025/9/13,1,0.45
S026,2025/9/14,1,20.78
S026,2025/9/15,1,0.22
S026,2025/9/16,1,9.13
S026,2025/9/17,1,7.6
S026,2025/9/18,1,21
S026,2025/9/19,0,0
S026,2025/9/20,1,1.68
S026,2025/9/21,1,0.33
S026,2025/9/22,0,0
S026,2025/9/23,1,1.17
S026,2025/9/24,0,0
S026,2025/9/25,1,0.1
S026,2025/9/26,0,0
S026,2025/9/27,1,1.25
S026,2025/9/28,1,0.68
S026,2025/9/29,1,1.53
S026,2025/9/30,1,7.47
S027,2025/9/1,0,0
S027,2025/9/2,0,0
S027,2025/9/3,1,1.55
S027,2025/9/4,1,9.53
S027,2025/9/5,1,0.42
S027,2025/9/6,0,0
S027,2025/9/7,0,0
S027,2025/9/8,1,4.2
S027,2025/9/9,1,0.2
S027,2025/9/10,1,0.78
S027,2025/9/11,1,3.82
S027,2025/9/12,1,0.67
S027,2025/9/13,1,0.62
S027,2025/9/14,0,0
S027,2025/9/15,1,0.62
S027,2025/9/16,1,13.05
S027,2025/9/17,0,0
S027,2025/9/18,1,5.13
S027,2025/9/19,1,5.37
S027,2025/9/20,1,1.13
S027,2025/9/21,1,1.78
S027,2025/9/22,0,0
S027,2025/9/23,1,4.48
S027,2025/9/24,0,0
S027,2025/9/25,1,2.65
S027,2025/9/26,1,9.48
S027,2025/9/27,1,42.08
S027,2025/9/28,1,24.58
S027,2025/9/29,1,3.33
S027,2025/9/30,1,6.63
S028,2025/9/1,1,4.33
S028,2025/9/2,0,0
S028,2025/9/3,0,0
S028,2025/9/4,1,5.93
S028,2025/9/5,0,0
S028,2025/9/6,1,9.08
S028,2025/9/7,1,2.5
S028,2025/9/8,1,19.72
S028,2025/9/9,1,7.97
S028,2025/9/10,1,6.42
S028,2025/9/11,1,54.2
S028,2025/9/12,0,0
S028,2025/9/13,0,0
S028,2025/9/14,0,0
S028,2025/9/15,1,1.43
S028,2025/9/16,1,0.67
S028,2025/9/17,1,1.07
S028,2025/9/18,1,3.15
S028,2025/9/19,1,1.17
S028,2025/9/20,1,16.1
S028,2025/9/21,1,2.07
S028,2025/9/22,1,3.75
S028,2025/9/23,1,16.83
S028,2025/9/24,1,2.73
S028,2025/9/25,1,0.9
S028,2025/9/26,1,4.28
S028,2025/9/27,1,1.37
S028,2025/9/28,1,0.95
S028,2025/9/29,1,0.58
S028,2025/9/30,1,2.37
S029,2025/9/1,1,2.73
S029,2025/9/2,1,1.57
S029,2025/9/3,1,0.18
S029,2025/9/4,1,4.67
S029,2025/9/5,1,5.27
S029,2025/9/6,0,0
S029,2025/9/7,1,0.67
S029,2025/9/8,0,0
S029,2025/9/9,1,8.42
S029,2025/9/10,1,0.13
S029,2025/9/11,1,0.37
S029,2025/9/12,0,0
S029,2025/9/13,0,0
S029,2025/9/14,1,0.2
S029,2025/9/15,1,3.48
S029,2025/9/16,1,9.35
S029,2025/9/17,1,9.92
S029,2025/9/18,0,0
S029,2025/9/19,1,5.82
S029,2025/9/20,1,2.08
S029,2025/9/21,0,0
S029,2025/9/22,0,0
S029,2025/9/23,0,0
S029,2025/9/24,1,0.83
S029,2025/9/25,1,12.25
S029,2025/9/26,1,1.2
S029,2025/9/27,1,4.38
S029,2025/9/28,0,0
S029,2025/9/29,1,0.27
S029,2025/9/30,1,0.8
S030,2025/9/1,0,0
S030,2025/9/2,0,0
S030,2025/9/3,1,22.43
S030,2025/9/4,1,1.78
S030,2025/9/5,1,9.57
S030,2025/9/6,1,0.9
S030,2025/9/7,0,0
S030,2025/9/8,1,0.3
S030,2025/9/9,1,0.35
S030,2025/9/10,1,3.58
S030,2025/9/11,1,1.33
S030,2025/9/12,0,0
S030,2025/9/13,0,0
S030,2025/9/14,1,2.15
S030,2025/9/15,1,1.43
S030,2025/9/16,0,0
S030,2025/9/17,1,7.47
S030,2025/9/18,1,0.95
S030,2025/9/19,1,0.35
S030,2025/9/20,1,1.65
S030,2025/9/21,1,0.52
S030,2025/9/22,1,11.8
S030,2025/9/23,1,0.97
S030,2025/9/24,0,0
S030,2025/9/25,1,14.65
S030,2025/9/26,1,1.23
S030,2025/9/27,1,8.03
S030,2025/9/28,0,0
S030,2025/9/29,1,7.58
S030,2025/9/30,1,9.03
S031,2025/9/1,1,12.15
S031,2025/9/2,0,0
S031,2025/9/3,0,0
S031,2025/9/4,1,14.68
S031,2025/9/5,1,4.3
S031,2025/9/6,1,2.97
S031,2025/9/7,0,0
S031,2025/9/8,1,0.63
S031,2025/9/9,1,1.77
S031,2025/9/10,1,3.58
S031,2025/9/11,1,3.32
S031,2025/9/12,0,0
S031,2025/9/13,0,0
S031,2025/9/14,1,0.17
S031,2025/9/15,1,1.05
S031,2025/9/16,1,0.75
S031,2025/9/17,1,1.33
S031,2025/9/18,1,2.32
S031,2025/9/19,1,2.17
S031,2025/9/20,1,49.55
S031,2025/9/21,0,0
S031,2025/9/22,0,0
S031,2025/9/23,0,0
S031,2025/9/24,1,2.38
S031,2025/9/25,1,1.02
S031,2025/9/26,1,2.38
S031,2025/9/27,1,0.57
S031,2025/9/28,1,0.57
S031,2025/9/29,1,0.48
S031,2025/9/30,1,0.98
S032,2025/9/1,1,4.47
S032,2025/9/2,0,0
S032,2025/9/3,0,0
S032,2025/9/4,0,0
S032,2025/9/5,1,1.28
S032,2025/9/6,1,2.98
S032,2025/9/7,0,0
S032,2025/9/8,1,1
S032,2025/9/9,0,0
S032,2025/9/10,1,0.17
S032,2025/9/11,0,0
S032,2025/9/12,1,6.02
S032,2025/9/13,1,1.27
S032,2025/9/14,1,0.12
S032,2025/9/15,1,19.35
S032,2025/9/16,0,0
S032,2025/9/17,0,0
S032,2025/9/18,1,3.1
S032,2025/9/19,0,0
S032,2025/9/20,1,1.53
S032,2025/9/21,1,0.05
S032,2025/9/22,1,0.1
S032,2025/9/23,1,1.32
S032,2025/9/24,1,45.22
S032,2025/9/25,1,0.03
S032,2025/9/26,1,1.75
S032,2025/9/27,1,1.08
S032,2025/9/28,1,0.7
S032,2025/9/29,1,1.32
S032,2025/9/30,1,1.4
S033,2025/9/1,1,0.73
S033,2025/9/2,1,2.03
S033,2025/9/3,0,0
S033,2025/9/4,1,20.35
S033,2025/9/5,1,2.5
S033,2025/9/6,0,0
S033,2025/9/7,1,9.72
S033,2025/9/8,1,11.53
S033,2025/9/9,1,3.18
S033,2025/9/10,1,3.65
S033,2025/9/11,1,11.25
S033,2025/9/12,1,1.97
S033,2025/9/13,1,16.27
S033,2025/9/14,1,0.17
S033,2025/9/15,1,2.58
S033,2025/9/16,0,0
S033,2025/9/17,1,3.55
S033,2025/9/18,1,5.77
S033,2025/9/19,1,0.15
S033,2025/9/20,1,2.12
S033,2025/9/21,1,4.63
S033,2025/9/22,1,1.93
S033,2025/9/23,0,0
S033,2025/9/24,1,2.52
S033,2025/9/25,1,0.43
S033,2025/9/26,1,2.12
S033,2025/9/27,1,1.7
S033,2025/9/28,1,2.88
S033,2025/9/29,1,1.53
S033,2025/9/30,1,1.58
S034,2025/9/1,1,2.35
S034,2025/9/2,0,0
S034,2025/9/3,0,0
S034,2025/9/4,0,0
S034,2025/9/5,1,7.72
S034,2025/9/6,0,0
S034,2025/9/7,1,0.23
S034,2025/9/8,1,0.83
S034,2025/9/9,1,0.58
S034,2025/9/10,1,3.55
S034,2025/9/11,0,0
S034,2025/9/12,1,5.82
S034,2025/9/13,0,0
S034,2025/9/14,1,6.22
S034,2025/9/15,1,3.4
S034,2025/9/16,1,2.72
S034,2025/9/17,0,0
S034,2025/9/18,1,0.93
S034,2025/9/19,1,2.18
S034,2025/9/20,1,13.17
S034,2025/9/21,1,1
S034,2025/9/22,1,1.08
S034,2025/9/23,1,0.38
S034,2025/9/24,1,0.42
S034,2025/9/25,1,0.12
S034,2025/9/26,0,0
S034,2025/9/27,1,0.03
S034,2025/9/28,1,0.88
S034,2025/9/29,1,0.05
S034,2025/9/30,1,4.62
S035,2025/9/1,1,6.08
S035,2025/9/2,1,0.05
S035,2025/9/3,1,4.7
S035,2025/9/4,1,7.45
S035,2025/9/5,1,0.25
S035,2025/9/6,0,0
S035,2025/9/7,1,27.57
S035,2025/9/8,1,0.15
S035,2025/9/9,1,12.67
S035,2025/9/10,1,6.32
S035,2025/9/11,1,0.38
S035,2025/9/12,1,4.48
S035,2025/9/13,0,0
S035,2025/9/14,1,19.82
S035,2025/9/15,1,7.35
S035,2025/9/16,1,21.72
S035,2025/9/17,0,0
S035,2025/9/18,1,0.23
S035,2025/9/19,0,0
S035,2025/9/20,1,0.4
S035,2025/9/21,1,1.72
S035,2025/9/22,1,23.55
S035,2025/9/23,1,0.15
S035,2025/9/24,1,0.25
S035,2025/9/25,1,0.15
S035,2025/9/26,0,0
S035,2025/9/27,0,0
S035,2025/9/28,0,0
S035,2025/9/29,1,2.22
S035,2025/9/30,0,0
S036,2025/9/1,1,49.37
S036,2025/9/2,1,17.5
S036,2025/9/3,0,0
S036,2025/9/4,1,4.87
S036,2025/9/5,0,0
S036,2025/9/6,1,20
S036,2025/9/7,0,0
S036,2025/9/8,1,10.75
S036,2025/9/9,1,3.27
S036,2025/9/10,0,0
S036,2025/9/11,1,16.9
S036,2025/9/12,0,0
S036,2025/9/13,1,1.83
S036,2025/9/14,0,0
S036,2025/9/15,1,17.02
S036,2025/9/16,1,1.2
S036,2025/9/17,1,8.88
S036,2025/9/18,0,0
S036,2025/9/19,1,100.42
S036,2025/9/20,1,0.43
S036,2025/9/21,0,0
S036,2025/9/22,1,29.77
S036,2025/9/23,1,53.13
S036,2025/9/24,1,1.62
S036,2025/9/25,1,1.3
S036,2025/9/26,1,1.88
S036,2025/9/27,1,1.57
S036,2025/9/28,1,0.08
S036,2025/9/29,1,24.53
S036,2025/9/30,1,0.78
S037,2025/9/1,1,2.08
S037,2025/9/2,1,0.48
S037,2025/9/3,1,5.3
S037,2025/9/4,1,3.85
S037,2025/9/5,1,0.22
S037,2025/9/6,0,0
S037,2025/9/7,1,1.72
S037,2025/9/8,0,0
S037,2025/9/9,1,10.27
S037,2025/9/10,1,1.68
S037,2025/9/11,1,1.77
S037,2025/9/12,1,0.52
S037,2025/9/13,1,1.87
S037,2025/9/14,1,3.15
S037,2025/9/15,1,6.8
S037,2025/9/16,1,0.98
S037,2025/9/17,1,2.28
S037,2025/9/18,1,0.58
S037,2025/9/19,1,1.35
S037,2025/9/20,1,4.33
S037,2025/9/21,0,0
S037,2025/9/22,1,24.3
S037,2025/9/23,0,0
S037,2025/9/24,1,49.27
S037,2025/9/25,1,21.88
S037,2025/9/26,0,0
S037,2025/9/27,0,0
S037,2025/9/28,0,0
S037,2025/9/29,1,4.1
S037,2025/9/30,1,1.78
S038,2025/9/1,1,1.2
S038,2025/9/2,1,0.55
S038,2025/9/3,0,0
S038,2025/9/4,0,0
S038,2025/9/5,1,0.87
S038,2025/9/6,0,0
S038,2025/9/7,1,0.82
S038,2025/9/8,1,0.38
S038,2025/9/9,0,0
S038,2025/9/10,1,0.85
S038,2025/9/11,0,0
S038,2025/9/12,1,2
S038,2025/9/13,1,0.63
S038,2025/9/14,1,1.52
S038,2025/9/15,1,23.73
S038,2025/9/16,0,0
S038,2025/9/17,1,3.28
S038,2025/9/18,1,6.92
S038,2025/9/19,1,2.2
S038,2025/9/20,0,0
S038,2025/9/21,1,10.78
S038,2025/9/22,0,0
S038,2025/9/23,1,8.4
S038,2025/9/24,1,2.02
S038,2025/9/25,1,8.68
S038,2025/9/26,1,0.27
S038,2025/9/27,1,10.05
S038,2025/9/28,1,0.65
S038,2025/9/29,1,6.08
S038,2025/9/30,0,0
S039,2025/9/1,0,0
S039,2025/9/2,1,5.88
S039,2025/9/3,1,21.87
S039,2025/9/4,1,13.45
S039,2025/9/5,0,0
S039,2025/9/6,1,1.65
S039,2025/9/7,1,8.38
S039,2025/9/8,0,0
S039,2025/9/9,1,15.63
S039,2025/9/10,1,0.17
S039,2025/9/11,0,0
S039,2025/9/12,0,0
S039,2025/9/13,1,6.45
S039,2025/9/14,1,0.05
S039,2025/9/15,0,0
S039,2025/9/16,1,0.75
S039,2025/9/17,1,0.35
S039,2025/9/18,1,1.5
S039,2025/9/19,1,19.15
S039,2025/9/20,1,0.55
S039,2025/9/21,1,2.35
S039,2025/9/22,1,5.7
S039,2025/9/23,1,20.07
S039,2025/9/24,1,2.32
S039,2025/9/25,0,0
S039,2025/9/26,1,12.05
S039,2025/9/27,1,14.2
S039,2025/9/28,0,0
S039,2025/9/29,1,8.82
S039,2025/9/30,1,6.82
S040,2025/9/1,0,0
S040,2025/9/2,1,15.6
S040,2025/9/3,1,0.77
S040,2025/9/4,1,0.78
S040,2025/9/5,0,0
S040,2025/9/6,1,2.3
S040,2025/9/7,1,0.18
S040,2025/9/8,1,2.7
S040,2025/9/9,1,17.18
S040,2025/9/10,1,8.9
S040,2025/9/11,1,0.47
S040,2025/9/12,0,0
S040,2025/9/13,1,19.25
S040,2025/9/14,1,15.03
S040,2025/9/15,1,2.43
S040,2025/9/16,1,23.08
S040,2025/9/17,0,0
S040,2025/9/18,1,18.33
S040,2025/9/19,1,0.4
S040,2025/9/20,1,0.28
S040,2025/9/21,1,0.32
S040,2025/9/22,0,0
S040,2025/9/23,1,0.27
S040,2025/9/24,1,5.92
S040,2025/9/25,1,0.93
S040,2025/9/26,1,1
S040,2025/9/27,1,1.8
S040,2025/9/28,1,1.85
S040,2025/9/29,0,0
S040,2025/9/30,1,0.23
S041,2025/9/1,1,10.27
S041,2025/9/2,0,0
S041,2025/9/3,1,0.47
S041,2025/9/4,1,4.05
S041,2025/9/5,1,6.57
S041,2025/9/6,1,2.07
S041,2025/9/7,1,0.78
S041,2025/9/8,1,2.83
S041,2025/9/9,0,0
S041,2025/9/10,1,12.87
S041,2025/9/11,0,0
S041,2025/9/12,0,0
S041,2025/9/13,1,5.6
S041,2025/9/14,0,0
S041,2025/9/15,1,8.08
S041,2025/9/16,1,10.2
S041,2025/9/17,1,47.22
S041,2025/9/18,1,0.92
S041,2025/9/19,1,17.9
S041,2025/9/20,1,1.38
S041,2025/9/21,1,15.62
S041,2025/9/22,1,5.9
S041,2025/9/23,1,1.37
S041,2025/9/24,1,15.65
S041,2025/9/25,1,2.18
S041,2025/9/26,1,9.63
S041,2025/9/27,1,16.63
S041,2025/9/28,0,0
S041,2025/9/29,0,0
S041,2025/9/30,1,1.48
S042,2025/9/1,1,33.1
S042,2025/9/2,0,0
S042,2025/9/3,1,6.87
S042,2025/9/4,1,6.05
S042,2025/9/5,1,6.9
S042,2025/9/6,1,14.78
S042,2025/9/7,1,3.73
S042,2025/9/8,1,0.63
S042,2025/9/9,1,0.78
S042,2025/9/10,1,1.93
S042,2025/9/11,1,5.6
S042,2025/9/12,0,0
S042,2025/9/13,1,16.57
S042,2025/9/14,1,3.98
S042,2025/9/15,1,2.47
S042,2025/9/16,1,4.45
S042,2025/9/17,1,6.43
S042,2025/9/18,1,3.28
S042,2025/9/19,1,2.2
S042,2025/9/20,1,0.35
S042,2025/9/21,0,0
S042,2025/9/22,1,6.15
S042,2025/9/23,0,0
S042,2025/9/24,0,0
S042,2025/9/25,1,2.3
S042,2025/9/26,1,6.7
S042,2025/9/27,1,1.1
S042,2025/9/28,1,4.68
S042,2025/9/29,1,4.6
S042,2025/9/30,1,24.97
S043,2025/9/1,1,2.65
S043,2025/9/2,0,0
S043,2025/9/3,0,0
S043,2025/9/4,1,0.25
S043,2025/9/5,1,4.38
S043,2025/9/6,0,0
S043,2025/9/7,1,0.78
S043,2025/9/8,0,0
S043,2025/9/9,1,0.73
S043,2025/9/10,1,5.65
S043,2025/9/11,1,2.47
S043,2025/9/12,1,1.17
S043,2025/9/13,0,0
S043,2025/9/14,0,0
S043,2025/9/15,1,1.33
S043,2025/9/16,1,11.05
S043,2025/9/17,1,1.3
S043,2025/9/18,1,7.87
S043,2025/9/19,0,0
S043,2025/9/20,1,1.58
S043,2025/9/21,1,6.68
S043,2025/9/22,0,0
S043,2025/9/23,1,0.02
S043,2025/9/24,0,0
S043,2025/9/25,1,7.72
S043,2025/9/26,1,16.53
S043,2025/9/27,1,0.12
S043,2025/9/28,1,0.17
S043,2025/9/29,1,0.58
S043,2025/9/30,1,1.7
S044,2025/9/1,1,0.65
S044,2025/9/2,1,1.32
S044,2025/9/3,1,4.58
S044,2025/9/4,0,0
S044,2025/9/5,1,3.45
S044,2025/9/6,1,13.02
S044,2025/9/7,0,0
S044,2025/9/8,0,0
S044,2025/9/9,1,2.83
S044,2025/9/10,1,10.8
S044,2025/9/11,0,0
S044,2025/9/12,0,0
S044,2025/9/13,1,1.47
S044,2025/9/14,0,0
S044,2025/9/15,1,3.73
S044,2025/9/16,0,0
S044,2025/9/17,0,0
S044,2025/9/18,1,0.33
S044,2025/9/19,1,4.12
S044,2025/9/20,1,1.82
S044,2025/9/21,1,1.3
S044,2025/9/22,1,0.55
S044,2025/9/23,1,0.68
S044,2025/9/24,1,0.13
S044,2025/9/25,1,0.85
S044,2025/9/26,1,1.67
S044,2025/9/27,0,0
S044,2025/9/28,1,4.75
S044,2025/9/29,1,0.92
S044,2025/9/30,1,3.52
S045,2025/9/1,1,2.25
S045,2025/9/2,1,0.42
S045,2025/9/3,1,2.37
S045,2025/9/4,1,1.78
S045,2025/9/5,1,0.63
S045,2025/9/6,1,0.22
S045,2025/9/7,0,0
S045,2025/9/8,1,2.72
S045,2025/9/9,1,3.48
S045,2025/9/10,1,1.97
S045,2025/9/11,1,0.12
S045,2025/9/12,1,5.22
S045,2025/9/13,1,0.28
S045,2025/9/14,1,4.08
S045,2025/9/15,1,2.72
S045,2025/9/16,0,0
S045,2025/9/17,1,0.97
S045,2025/9/18,1,0.3
S045,2025/9/19,1,1.98
S045,2025/9/20,1,1.02
S045,2025/9/21,1,2.78
S045,2025/9/22,0,0
S045,2025/9/23,0,0
S045,2025/9/24,1,0.63
S045,2025/9/25,1,7.33
S045,2025/9/26,1,0.13
S045,2025/9/27,0,0
S045,2025/9/28,1,5.5
S045,2025/9/29,1,3.07
S045,2025/9/30,1,1.87
S046,2025/9/1,0,0
S046,2025/9/2,0,0
S046,2025/9/3,1,11.72
S046,2025/9/4,1,0.25
S046,2025/9/5,1,6.23
S046,2025/9/6,1,0.22
S046,2025/9/7,1,2.97
S046,2025/9/8,0,0
S046,2025/9/9,0,0
S046,2025/9/10,1,0.73
S046,2025/9/11,0,0
S046,2025/9/12,0,0
S046,2025/9/13,0,0
S046,2025/9/14,1,1.63
S046,2025/9/15,0,0
S046,2025/9/16,1,0.18
S046,2025/9/17,1,2.62
S046,2025/9/18,0,0
S046,2025/9/19,1,13.77
S046,2025/9/20,1,4.38
S046,2025/9/21,1,3.67
S046,2025/9/22,0,0
S046,2025/9/23,1,21.23
S046,2025/9/24,1,8.38
S046,2025/9/25,1,0.37
S046,2025/9/26,0,0
S046,2025/9/27,1,0.8
S046,2025/9/28,1,11.62
S046,2025/9/29,1,2.85
S046,2025/9/30,1,8.12
S047,2025/9/1,1,1.4
S047,2025/9/2,0,0
S047,2025/9/3,0,0
S047,2025/9/4,0,0
S047,2025/9/5,1,1.82
S047,2025/9/6,1,9.9
S047,2025/9/7,1,1.35
S047,2025/9/8,1,0.93
S047,2025/9/9,1,1.27
S047,2025/9/10,0,0
S047,2025/9/11,0,0
S047,2025/9/12,1,18.1
S047,2025/9/13,1,29.18
S047,2025/9/14,1,0.58
S047,2025/9/15,0,0
S047,2025/9/16,1,9.02
S047,2025/9/17,1,5.98
S047,2025/9/18,1,0.25
S047,2025/9/19,1,19.42
S047,2025/9/20,1,11.27
S047,2025/9/21,1,2.6
S047,2025/9/22,1,2.67
S047,2025/9/23,1,5.48
S047,2025/9/24,1,1.32
S047,2025/9/25,1,2.95
S047,2025/9/26,0,0
S047,2025/9/27,1,0.77
S047,2025/9/28,1,1.62
S047,2025/9/29,1,0.05
S047,2025/9/30,0,0
S048,2025/9/1,0,0
S048,2025/9/2,1,5.77
S048,2025/9/3,1,0.57
S048,2025/9/4,0,0
S048,2025/9/5,1,2.5
S048,2025/9/6,1,18.62
S048,2025/9/7,1,0.98
S048,2025/9/8,1,1.2
S048,2025/9/9,1,0.12
S048,2025/9/10,1,4.47
S048,2025/9/11,0,0
S048,2025/9/12,1,18.83
S048,2025/9/13,0,0
S048,2025/9/14,1,4.25
S048,2025/9/15,1,2.65
S048,2025/9/16,0,0
S048,2025/9/17,1,0.13
S048,2025/9/18,0,0
S048,2025/9/19,0,0
S048,2025/9/20,1,0.13
S048,2025/9/21,1,0.02
S048,2025/9/22,1,0.08
S048,2025/9/23,1,0.18
S048,2025/9/24,1,0.1
S048,2025/9/25,1,0.2
S048,2025/9/26,1,6.88
S048,2025/9/27,1,1.38
S048,2025/9/28,1,0.93
S048,2025/9/29,0,0
S048,2025/9/30,1,5.42
S049,2025/9/1,1,1.85
S049,2025/9/2,0,0
S049,2025/9/3,1,5
S049,2025/9/4,1,0.93
S049,2025/9/5,1,0.48
S049,2025/9/6,1,2.98
S049,2025/9/7,1,2.05
S049,2025/9/8,1,0.08
S049,2025/9/9,0,0
S049,2025/9/10,1,4.43
S049,2025/9/11,1,0.8
S049,2025/9/12,0,0
S049,2025/9/13,0,0
S049,2025/9/14,1,0.47
S049,2025/9/15,1,0.77
S049,2025/9/16,1,0.6
S049,2025/9/17,1,0.85
S049,2025/9/18,1,0.27
S049,2025/9/19,0,0
S049,2025/9/20,1,0.83
S049,2025/9/21,1,4.13
S049,2025/9/22,0,0
S049,2025/9/23,1,1.52
S049,2025/9/24,1,15.53
S049,2025/9/25,0,0
S049,2025/9/26,1,0.8
S049,2025/9/27,1,2.45
S049,2025/9/28,1,6.48
S049,2025/9/29,1,7.38
S049,2025/9/30,1,2.98
S050,2025/9/1,0,0
S050,2025/9/2,1,2.72
S050,2025/9/3,0,0
S050,2025/9/4,0,0
S050,2025/9/5,1,0.13
S050,2025/9/6,1,0.32
S050,2025/9/7,1,0.02
S050,2025/9/8,1,1.57
S050,2025/9/9,1,5.97
S050,2025/9/10,1,0.28
S050,2025/9/11,0,0
S050,2025/9/12,1,0.32
S050,2025/9/13,1,0.25
S050,2025/9/14,1,0.57
S050,2025/9/15,1,0.2
S050,2025/9/16,1,4.78
S050,2025/9/17,1,0.85
S050,2025/9/18,0,0
S050,2025/9/19,0,0
S050,2025/9/20,1,1.52
S050,2025/9/21,0,0
S050,2025/9/22,1,2.88
S050,2025/9/23,1,0.87
S050,2025/9/24,0,0
S050,2025/9/25,1,1.08
S050,2025/9/26,1,4.67
S050,2025/9/27,1,1.07
S050,2025/9/28,1,0.23
S050,2025/9/29,1,1.85
S050,2025/9/30,1,0.83
S051,2025/9/1,0,0
S051,2025/9/2,0,0
S051,2025/9/3,0,0
S051,2025/9/4,0,0
S051,2025/9/5,0,0
S051,2025/9/6,0,0
S051,2025/9/7,0,0
S051,2025/9/8,0,0
S051,2025/9/9,0,0
S051,2025/9/10,0,0
S051,2025/9/11,0,0
S051,2025/9/12,0,0
S051,2025/9/13,0,0
S051,2025/9/14,0,0
S051,2025/9/15,0,0
S051,2025/9/16,0,0
S051,2025/9/17,0,0
S051,2025/9/18,0,0
S051,2025/9/19,0,0
S051,2025/9/20,0,0
S051,2025/9/21,0,0
S051,2025/9/22,0,0
S051,2025/9/23,0,0
S051,2025/9/24,0,0
S051,2025/9/25,0,0
S051,2025/9/26,0,0
S051,2025/9/27,0,0
S051,2025/9/28,0,0
S051,2025/9/29,0,0
S051,2025/9/30,0,0
S052,2025/9/1,1,0.6
S052,2025/9/2,0,0
S052,2025/9/3,1,1.58
S052,2025/9/4,1,4.57
S052,2025/9/5,1,10.45
S052,2025/9/6,1,7.58
S052,2025/9/7,1,1.67
S052,2025/9/8,1,0.17
S052,2025/9/9,1,15.75
S052,2025/9/10,0,0
S052,2025/9/11,0,0
S052,2025/9/12,1,6.05
S052,2025/9/13,1,15.28
S052,2025/9/14,1,6.13
S052,2025/9/15,1,2.45
S052,2025/9/16,1,11.15
S052,2025/9/17,1,1.33
S052,2025/9/18,1,12.2
S052,2025/9/19,1,6.48
S052,2025/9/20,0,0
S052,2025/9/21,1,6.9
S052,2025/9/22,1,11.55
S052,2025/9/23,0,0
S052,2025/9/24,1,4.4
S052,2025/9/25,1,6.17
S052,2025/9/26,0,0
S052,2025/9/27,1,2.05
S052,2025/9/28,0,0
S052,2025/9/29,1,2.87
S052,2025/9/30,1,3.57
S053,2025/9/1,0,0
S053,2025/9/2,1,12.05
S053,2025/9/3,0,0
S053,2025/9/4,0,0
S053,2025/9/5,1,8.2
S053,2025/9/6,1,3.48
S053,2025/9/7,1,0.53
S053,2025/9/8,0,0
S053,2025/9/9,1,5.73
S053,2025/9/10,1,3.7
S053,2025/9/11,1,10.82
S053,2025/9/12,1,1.67
S053,2025/9/13,0,0
S053,2025/9/14,1,34.3
S053,2025/9/15,1,44.83
S053,2025/9/16,1,11.58
S053,2025/9/17,1,50.57
S053,2025/9/18,0,0
S053,2025/9/19,1,1.77
S053,2025/9/20,1,5.65
S053,2025/9/21,1,4.6
S053,2025/9/22,1,1.25
S053,2025/9/23,1,47.72
S053,2025/9/24,1,0.52
S053,2025/9/25,1,5.02
S053,2025/9/26,1,0.1
S053,2025/9/27,1,0.77
S053,2025/9/28,1,0.23
S053,2025/9/29,1,0.47
S053,2025/9/30,1,0.77
S054,2025/9/1,1,0.95
S054,2025/9/2,1,24.45
S054,2025/9/3,1,7.2
S054,2025/9/4,0,0
S054,2025/9/5,0,0
S054,2025/9/6,1,9.63
S054,2025/9/7,1,6.72
S054,2025/9/8,1,0.7
S054,2025/9/9,1,0.33
S054,2025/9/10,1,0.4
S054,2025/9/11,1,0.67
S054,2025/9/12,1,12.13
S054,2025/9/13,1,0.57
S054,2025/9/14,0,0
S054,2025/9/15,1,1.98
S054,2025/9/16,1,0.7
S054,2025/9/17,1,4.05
S054,2025/9/18,0,0
S054,2025/9/19,0,0
S054,2025/9/20,1,5.08
S054,2025/9/21,1,0.27
S054,2025/9/22,1,0.93
S054,2025/9/23,1,4.07
S054,2025/9/24,1,44.87
S054,2025/9/25,1,10.82
S054,2025/9/26,1,2.78
S054,2025/9/27,1,1.6
S054,2025/9/28,0,0
S054,2025/9/29,1,45.83
S054,2025/9/30,1,8.83
S055,2025/9/1,0,0
S055,2025/9/2,1,0.95
S055,2025/9/3,1,55.78
S055,2025/9/4,1,7.03
S055,2025/9/5,1,7.45
S055,2025/9/6,0,0
S055,2025/9/7,0,0
S055,2025/9/8,1,9.88
S055,2025/9/9,1,17.63
S055,2025/9/10,1,1
S055,2025/9/11,1,12.25
S055,2025/9/12,1,8.28
S055,2025/9/13,0,0
S055,2025/9/14,0,0
S055,2025/9/15,1,10.9
S055,2025/9/16,1,0.35
S055,2025/9/17,0,0
S055,2025/9/18,1,2.98
S055,2025/9/19,1,36.55
S055,2025/9/20,1,24.28
S055,2025/9/21,1,1.07
S055,2025/9/22,0,0
S055,2025/9/23,1,1.27
S055,2025/9/24,1,0.3
S055,2025/9/25,1,3.43
S055,2025/9/26,1,13.72
S055,2025/9/27,1,0.72
S055,2025/9/28,1,0.65
S055,2025/9/29,1,3.58
S055,2025/9/30,0,0
S056,2025/9/1,1,3.8
S056,2025/9/2,1,0.13
S056,2025/9/3,0,0
S056,2025/9/4,1,0.08
S056,2025/9/5,0,0
S056,2025/9/6,1,0.2
S056,2025/9/7,1,0.22
S056,2025/9/8,1,0.8
S056,2025/9/9,1,1.25
S056,2025/9/10,1,13.38
S056,2025/9/11,1,2.95
S056,2025/9/12,0,0
S056,2025/9/13,1,0.83
S056,2025/9/14,1,1.48
S056,2025/9/15,1,5.47
S056,2025/9/16,0,0
S056,2025/9/17,1,1.4
S056,2025/9/18,1,15.9
S056,2025/9/19,1,5.22
S056,2025/9/20,1,0.03
S056,2025/9/21,1,15.58
S056,2025/9/22,1,12.8
S056,2025/9/23,1,0.88
S056,2025/9/24,0,0
S056,2025/9/25,1,0.27
S056,2025/9/26,1,0.55
S056,2025/9/27,1,0.5
S056,2025/9/28,0,0
S056,2025/9/29,1,12.5
S056,2025/9/30,1,1.58
S057,2025/9/1,1,9.45
S057,2025/9/2,1,0.4
S057,2025/9/3,1,5.45
S057,2025/9/4,1,2.4
S057,2025/9/5,1,0.63
S057,2025/9/6,0,0
S057,2025/9/7,1,10.48
S057,2025/9/8,1,1.45
S057,2025/9/9,1,0.2
S057,2025/9/10,1,1.7
S057,2025/9/11,1,31.78
S057,2025/9/12,0,0
S057,2025/9/13,1,1.33
S057,2025/9/14,1,13.63
S057,2025/9/15,1,0.28
S057,2025/9/16,1,0.37
S057,2025/9/17,1,48.65
S057,2025/9/18,1,43.5
S057,2025/9/19,0,0
S057,2025/9/20,1,14.42
S057,2025/9/21,1,10.5
S057,2025/9/22,1,64.53
S057,2025/9/23,1,16.22
S057,2025/9/24,1,66.03
S057,2025/9/25,1,8.3
S057,2025/9/26,0,0
S057,2025/9/27,1,9.05
S057,2025/9/28,1,5.7
S057,2025/9/29,1,6.58
S057,2025/9/30,0,0
S058,2025/9/1,1,16.3
S058,2025/9/2,0,0
S058,2025/9/3,1,22.8
S058,2025/9/4,1,5.93
S058,2025/9/5,1,1.48
S058,2025/9/6,0,0
S058,2025/9/7,1,1.32
S058,2025/9/8,1,0.83
S058,2025/9/9,1,0.28
S058,2025/9/10,1,2.98
S058,2025/9/11,1,43.18
S058,2025/9/12,0,0
S058,2025/9/13,1,0.3
S058,2025/9/14,1,11.2
S058,2025/9/15,1,0.45
S058,2025/9/16,1,20.78
S058,2025/9/17,0,0
S058,2025/9/18,1,0.22
S058,2025/9/19,1,9.13
S058,2025/9/20,1,7.6
S058,2025/9/21,1,21
S058,2025/9/22,1,1.68
S058,2025/9/23,1,0.33
S058,2025/9/24,1,1.17
S058,2025/9/25,1,0.1
S058,2025/9/26,1,1.25
S058,2025/9/27,1,0.68
S058,2025/9/28,1,1.53
S058,2025/9/29,1,7.47
S058,2025/9/30,0,0
S059,2025/9/1,0,0
S059,2025/9/2,0,0
S059,2025/9/3,1,1.55
S059,2025/9/4,1,9.53
S059,2025/9/5,0,0
S059,2025/9/6,1,0.42
S059,2025/9/7,1,4.2
S059,2025/9/8,1,0.2
S059,2025/9/9,1,0.78
S059,2025/9/10,1,3.82
S059,2025/9/11,1,0.67
S059,2025/9/12,0,0
S059,2025/9/13,1,0.62
S059,2025/9/14,1,0.62
S059,2025/9/15,1,13.05
S059,2025/9/16,1,5.13
S059,2025/9/17,1,5.37
S059,2025/9/18,1,1.13
S059,2025/9/19,1,1.78
S059,2025/9/20,0,0
S059,2025/9/21,1,4.48
S059,2025/9/22,1,2.65
S059,2025/9/23,0,0
S059,2025/9/24,1,9.48
S059,2025/9/25,1,42.08
S059,2025/9/26,1,24.58
S059,2025/9/27,0,0
S059,2025/9/28,1,3.33
S059,2025/9/29,1,6.63
S059,2025/9/30,1,4.33
S060,2025/9/1,0,0
S060,2025/9/2,0,0
S060,2025/9/3,1,5.93
S060,2025/9/4,1,9.08
S060,2025/9/5,1,2.5
S060,2025/9/6,1,19.72
S060,2025/9/7,0,0
S060,2025/9/8,1,7.97
S060,2025/9/9,1,6.42
S060,2025/9/10,1,54.2
S060,2025/9/11,1,1.43
S060,2025/9/12,0,0
S060,2025/9/13,0,0
S060,2025/9/14,0,0
S060,2025/9/15,1,0.67
S060,2025/9/16,1,1.07
S060,2025/9/17,1,3.15
S060,2025/9/18,1,1.17
S060,2025/9/19,0,0
S060,2025/9/20,1,16.1
S060,2025/9/21,1,2.07
S060,2025/9/22,1,3.75
S060,2025/9/23,1,16.83
S060,2025/9/24,1,2.73
S060,2025/9/25,0,0
S060,2025/9/26,1,0.9
S060,2025/9/27,1,4.28
S060,2025/9/28,1,1.37
S060,2025/9/29,1,0.95
S060,2025/9/30,1,0.58
S061,2025/9/1,1,2.37
S061,2025/9/2,0,0
S061,2025/9/3,1,2.73
S061,2025/9/4,0,0
S061,2025/9/5,1,1.57
S061,2025/9/6,1,0.18
S061,2025/9/7,1,4.67
S061,2025/9/8,0,0
S061,2025/9/9,1,5.27
S061,2025/9/10,0,0
S061,2025/9/11,0,0
S061,2025/9/12,1,0.67
S061,2025/9/13,1,8.42
S061,2025/9/14,0,0
S061,2025/9/15,1,0.13
S061,2025/9/16,1,0.37
S061,2025/9/17,1,0.2
S061,2025/9/18,1,3.48
S061,2025/9/19,1,9.35
S061,2025/9/20,1,9.92
S061,2025/9/21,0,0
S061,2025/9/22,0,0
S061,2025/9/23,0,0
S061,2025/9/24,1,5.82
S061,2025/9/25,1,2.08
S061,2025/9/26,1,0.83
S061,2025/9/27,0,0
S061,2025/9/28,1,12.25
S061,2025/9/29,1,1.2
S061,2025/9/30,1,4.38
S062,2025/9/1,1,0.27
S062,2025/9/2,0,0
S062,2025/9/3,0,0
S062,2025/9/4,1,0.8
S062,2025/9/5,1,22.43
S062,2025/9/6,1,1.78
S062,2025/9/7,1,9.57
S062,2025/9/8,0,0
S062,2025/9/9,1,0.9
S062,2025/9/10,1,0.3
S062,2025/9/11,1,0.35
S062,2025/9/12,1,3.58
S062,2025/9/13,0,0
S062,2025/9/14,0,0
S062,2025/9/15,1,1.33
S062,2025/9/16,1,2.15
S062,2025/9/17,1,1.43
S062,2025/9/18,1,7.47
S062,2025/9/19,1,0.95
S062,2025/9/20,1,0.35
S062,2025/9/21,0,0
S062,2025/9/22,1,1.65
S062,2025/9/23,1,0.52
S062,2025/9/24,1,11.8
S062,2025/9/25,1,0.97
S062,2025/9/26,1,14.65
S062,2025/9/27,1,1.23
S062,2025/9/28,1,8.03
S062,2025/9/29,1,7.58
S062,2025/9/30,1,9.03
S063,2025/9/1,1,12.15
S063,2025/9/2,0,0
S063,2025/9/3,0,0
S063,2025/9/4,0,0
S063,2025/9/5,1,14.68
S063,2025/9/6,1,4.3
S063,2025/9/7,1,2.97
S063,2025/9/8,0,0
S063,2025/9/9,1,0.63
S063,2025/9/10,1,1.77
S063,2025/9/11,1,3.58
S063,2025/9/12,1,3.32
S063,2025/9/13,1,0.17
S063,2025/9/14,1,1.05
S063,2025/9/15,0,0
S063,2025/9/16,1,0.75
S063,2025/9/17,1,1.33
S063,2025/9/18,1,2.32
S063,2025/9/19,1,2.17
S063,2025/9/20,0,0
S063,2025/9/21,1,49.55
S063,2025/9/22,1,2.38
S063,2025/9/23,1,1.02
S063,2025/9/24,1,2.38
S063,2025/9/25,1,0.57
S063,2025/9/26,0,0
S063,2025/9/27,1,0.57
S063,2025/9/28,1,0.48
S063,2025/9/29,0,0
S063,2025/9/30,0,0
S064,2025/9/1,0,0
S064,2025/9/2,0,0
S064,2025/9/3,1,0.98
S064,2025/9/4,0,0
S064,2025/9/5,1,4.47
S064,2025/9/6,0,0
S064,2025/9/7,1,1.28
S064,2025/9/8,1,2.98
S064,2025/9/9,1,1
S064,2025/9/10,1,0.17
S064,2025/9/11,1,6.02
S064,2025/9/12,1,1.27
S064,2025/9/13,0,0
S064,2025/9/14,0,0
S064,2025/9/15,1,0.12
S064,2025/9/16,1,19.35
S064,2025/9/17,0,0
S064,2025/9/18,0,0
S064,2025/9/19,0,0
S064,2025/9/20,1,3.1
S064,2025/9/21,1,1.53
S064,2025/9/22,0,0
S064,2025/9/23,1,0.05
S064,2025/9/24,0,0
S064,2025/9/25,1,0.1
S064,2025/9/26,0,0
S064,2025/9/27,1,1.32
S064,2025/9/28,1,45.22
S064,2025/9/29,1,0.03
S064,2025/9/30,1,1.75
S065,2025/9/1,1,1.08
S065,2025/9/2,0,0
S065,2025/9/3,1,0.7
S065,2025/9/4,1,1.32
S065,2025/9/5,1,1.4
S065,2025/9/6,1,0.73
S065,2025/9/7,0,0
S065,2025/9/8,1,2.03
S065,2025/9/9,1,20.35
S065,2025/9/10,1,2.5
S065,2025/9/11,1,9.72
S065,2025/9/12,0,0
S065,2025/9/13,1,11.53
S065,2025/9/14,0,0
S065,2025/9/15,1,3.18
S065,2025/9/16,1,3.65
S065,2025/9/17,1,11.25
S065,2025/9/18,1,1.97
S065,2025/9/19,1,16.27
S065,2025/9/20,0,0
S065,2025/9/21,1,0.17
S065,2025/9/22,0,0
S065,2025/9/23,0,0
S065,2025/9/24,1,2.58
S065,2025/9/25,1,3.55
S065,2025/9/26,1,5.77
S065,2025/9/27,1,0.15
S065,2025/9/28,1,2.12
S065,2025/9/29,0,0
S065,2025/9/30,1,4.63
S066,2025/9/1,1,1.93
S066,2025/9/2,1,2.52
S066,2025/9/3,1,0.43
S066,2025/9/4,1,2.12
S066,2025/9/5,1,1.7
S066,2025/9/6,1,2.88
S066,2025/9/7,1,1.53
S066,2025/9/8,1,1.58
S066,2025/9/9,1,2.35
S066,2025/9/10,1,7.72
S066,2025/9/11,1,0.23
S066,2025/9/12,1,0.83
S066,2025/9/13,0,0
S066,2025/9/14,0,0
S066,2025/9/15,1,0.58
S066,2025/9/16,0,0
S066,2025/9/17,1,3.55
S066,2025/9/18,1,5.82
S066,2025/9/19,1,6.22
S066,2025/9/20,1,3.4
S066,2025/9/21,0,0
S066,2025/9/22,1,2.72
S066,2025/9/23,1,0.93
S066,2025/9/24,1,2.18
S066,2025/9/25,1,13.17
S066,2025/9/26,0,0
S066,2025/9/27,1,1
S066,2025/9/28,1,1.08
S066,2025/9/29,1,0.38
S066,2025/9/30,1,0.42
S067,2025/9/1,0,0
S067,2025/9/2,0,0
S067,2025/9/3,0,0
S067,2025/9/4,0,0
S067,2025/9/5,0,0
S067,2025/9/6,0,0
S067,2025/9/7,0,0
S067,2025/9/8,0,0
S067,2025/9/9,0,0
S067,2025/9/10,0,0
S067,2025/9/11,0,0
S067,2025/9/12,0,0
S067,2025/9/13,0,0
S067,2025/9/14,0,0
S067,2025/9/15,0,0
S067,2025/9/16,0,0
S067,2025/9/17,0,0
S067,2025/9/18,0,0
S067,2025/9/19,0,0
S067,2025/9/20,0,0
S067,2025/9/21,0,0
S067,2025/9/22,0,0
S067,2025/9/23,0,0
S067,2025/9/24,0,0
S067,2025/9/25,0,0
S067,2025/9/26,0,0
S067,2025/9/27,0,0
S067,2025/9/28,0,0
S067,2025/9/29,0,0
S067,2025/9/30,0,0
S068,2025/9/1,1,0.12
S068,2025/9/2,0,0
S068,2025/9/3,1,0.03
S068,2025/9/4,0,0
S068,2025/9/5,1,0.88
S068,2025/9/6,1,0.05
S068,2025/9/7,0,0
S068,2025/9/8,1,4.62
S068,2025/9/9,0,0
S068,2025/9/10,1,6.08
S068,2025/9/11,1,0.05
S068,2025/9/12,0,0
S068,2025/9/13,1,4.7
S068,2025/9/14,0,0
S068,2025/9/15,1,7.45
S068,2025/9/16,0,0
S068,2025/9/17,1,0.25
S068,2025/9/18,1,27.57
S068,2025/9/19,1,0.15
S068,2025/9/20,1,12.67
S068,2025/9/21,1,6.32
S068,2025/9/22,1,0.38
S068,2025/9/23,1,4.48
S068,2025/9/24,1,19.82
S068,2025/9/25,1,7.35
S068,2025/9/26,1,21.72
S068,2025/9/27,1,0.23
S068,2025/9/28,1,0.4
S068,2025/9/29,1,1.72
S068,2025/9/30,0,0
S069,2025/9/1,0,0
S069,2025/9/2,1,23.55
S069,2025/9/3,0,0
S069,2025/9/4,1,0.15
S069,2025/9/5,0,0
S069,2025/9/6,0,0
S069,2025/9/7,0,0
S069,2025/9/8,0,0
S069,2025/9/9,0,0
S069,2025/9/10,1,0.25
S069,2025/9/11,0,0
S069,2025/9/12,0,0
S069,2025/9/13,0,0
S069,2025/9/14,1,0.15
S069,2025/9/15,1,2.22
S069,2025/9/16,1,49.37
S069,2025/9/17,1,17.5
S069,2025/9/18,1,4.87
S069,2025/9/19,1,20
S069,2025/9/20,1,10.75
S069,2025/9/21,0,0
S069,2025/9/22,0,0
S069,2025/9/23,0,0
S069,2025/9/24,1,3.27
S069,2025/9/25,0,0
S069,2025/9/26,0,0
S069,2025/9/27,1,16.9
S069,2025/9/28,1,1.83
S069,2025/9/29,0,0
S069,2025/9/30,1,17.02
S070,2025/9/1,0,0
S070,2025/9/2,0,0
S070,2025/9/3,0,0
S070,2025/9/4,1,1.2
S070,2025/9/5,1,8.88
S070,2025/9/6,0,0
S070,2025/9/7,0,0
S070,2025/9/8,0,0
S070,2025/9/9,1,100.42
S070,2025/9/10,0,0
S070,2025/9/11,0,0
S070,2025/9/12,0,0
S070,2025/9/13,0,0
S070,2025/9/14,1,0.43
S070,2025/9/15,1,29.77
S070,2025/9/16,0,0
S070,2025/9/17,0,0
S070,2025/9/18,1,53.13
S070,2025/9/19,0,0
S070,2025/9/20,0,0
S070,2025/9/21,1,1.62
S070,2025/9/22,0,0
S070,2025/9/23,1,1.3
S070,2025/9/24,0,0
S070,2025/9/25,1,1.88
S070,2025/9/26,1,1.57
S070,2025/9/27,0,0
S070,2025/9/28,0,0
S070,2025/9/29,1,0.08
S070,2025/9/30,1,24.53
S071,2025/9/1,1,0.78
S071,2025/9/2,1,2.08
S071,2025/9/3,0,0
S071,2025/9/4,0,0
S071,2025/9/5,0,0
S071,2025/9/6,0,0
S071,2025/9/7,0,0
S071,2025/9/8,0,0
S071,2025/9/9,0,0
S071,2025/9/10,1,0.48
S071,2025/9/11,0,0
S071,2025/9/12,1,5.3
S071,2025/9/13,0,0
S071,2025/9/14,1,3.85
S071,2025/9/15,1,0.22
S071,2025/9/16,0,0
S071,2025/9/17,1,1.72
S071,2025/9/18,1,10.27
S071,2025/9/19,0,0
S071,2025/9/20,0,0
S071,2025/9/21,1,1.68
S071,2025/9/22,0,0
S071,2025/9/23,1,1.77
S071,2025/9/24,1,0.52
S071,2025/9/25,1,1.87
S071,2025/9/26,0,0
S071,2025/9/27,1,3.15
S071,2025/9/28,1,6.8
S071,2025/9/29,1,0.98
S071,2025/9/30,0,0
S072,2025/9/1,0,0
S072,2025/9/2,0,0
S072,2025/9/3,1,2.28
S072,2025/9/4,1,0.58
S072,2025/9/5,1,1.35
S072,2025/9/6,1,4.33
S072,2025/9/7,0,0
S072,2025/9/8,0,0
S072,2025/9/9,1,24.3
S072,2025/9/10,1,49.27
S072,2025/9/11,0,0
S072,2025/9/12,0,0
S072,2025/9/13,1,21.88
S072,2025/9/14,0,0
S072,2025/9/15,1,4.1
S072,2025/9/16,0,0
S072,2025/9/17,1,1.78
S072,2025/9/18,0,0
S072,2025/9/19,1,1.2
S072,2025/9/20,1,0.55
S072,2025/9/21,1,0.87
S072,2025/9/22,0,0
S072,2025/9/23,0,0
S072,2025/9/24,0,0
S072,2025/9/25,1,0.82
S072,2025/9/26,0,0
S072,2025/9/27,1,0.38
S072,2025/9/28,0,0
S072,2025/9/29,0,0
S072,2025/9/30,1,0.85
S073,2025/9/1,0,0
S073,2025/9/2,0,0
S073,2025/9/3,1,2
S073,2025/9/4,1,0.63
S073,2025/9/5,0,0
S073,2025/9/6,1,1.52
S073,2025/9/7,0,0
S073,2025/9/8,0,0
S073,2025/9/9,0,0
S073,2025/9/10,1,23.73
S073,2025/9/11,0,0
S073,2025/9/12,1,3.28
S073,2025/9/13,0,0
S073,2025/9/14,1,6.92
S073,2025/9/15,1,2.2
S073,2025/9/16,1,10.78
S073,2025/9/17,1,8.4
S073,2025/9/18,0,0
S073,2025/9/19,0,0
S073,2025/9/20,1,2.02
S073,2025/9/21,1,8.68
S073,2025/9/22,1,0.27
S073,2025/9/23,1,10.05
S073,2025/9/24,0,0
S073,2025/9/25,0,0
S073,2025/9/26,1,0.65
S073,2025/9/27,1,6.08
S073,2025/9/28,1,5.88
S073,2025/9/29,1,21.87
S073,2025/9/30,0,0
S074,2025/9/1,0,0
S074,2025/9/2,1,13.45
S074,2025/9/3,0,0
S074,2025/9/4,0,0
S074,2025/9/5,0,0
S074,2025/9/6,0,0
S074,2025/9/7,0,0
S074,2025/9/8,1,1.65
S074,2025/9/9,0,0
S074,2025/9/10,1,8.38
S074,2025/9/11,0,0
S074,2025/9/12,0,0
S074,2025/9/13,1,15.63
S074,2025/9/14,0,0
S074,2025/9/15,1,0.17
S074,2025/9/16,1,6.45
S074,2025/9/17,1,0.05
S074,2025/9/18,1,0.75
S074,2025/9/19,0,0
S074,2025/9/20,1,0.35
S074,2025/9/21,0,0
S074,2025/9/22,1,1.5
S074,2025/9/23,1,19.15
S074,2025/9/24,1,0.55
S074,2025/9/25,0,0
S074,2025/9/26,0,0
S074,2025/9/27,0,0
S074,2025/9/28,0,0
S074,2025/9/29,1,2.35
S074,2025/9/30,1,5.7
S075,2025/9/1,1,20.07
S075,2025/9/2,0,0
S075,2025/9/3,1,2.32
S075,2025/9/4,1,12.05
S075,2025/9/5,1,14.2
S075,2025/9/6,1,8.82
S075,2025/9/7,0,0
S075,2025/9/8,0,0
S075,2025/9/9,0,0
S075,2025/9/10,0,0
S075,2025/9/11,0,0
S075,2025/9/12,0,0
S075,2025/9/13,1,6.82
S075,2025/9/14,1,15.6
S075,2025/9/15,0,0
S075,2025/9/16,0,0
S075,2025/9/17,1,0.77
S075,2025/9/18,1,0.78
S075,2025/9/19,1,2.3
S075,2025/9/20,1,0.18
S075,2025/9/21,1,2.7
S075,2025/9/22,0,0
S075,2025/9/23,0,0
S075,2025/9/24,0,0
S075,2025/9/25,1,17.18
S075,2025/9/26,0,0
S075,2025/9/27,0,0
S075,2025/9/28,1,8.9
S075,2025/9/29,1,0.47
S075,2025/9/30,0,0
S076,2025/9/1,0,0
S076,2025/9/2,0,0
S076,2025/9/3,0,0
S076,2025/9/4,0,0
S076,2025/9/5,0,0
S076,2025/9/6,0,0
S076,2025/9/7,0,0
S076,2025/9/8,0,0
S076,2025/9/9,0,0
S076,2025/9/10,0,0
S076,2025/9/11,0,0
S076,2025/9/12,0,0
S076,2025/9/13,0,0
S076,2025/9/14,0,0
S076,2025/9/15,0,0
S076,2025/9/16,0,0
S076,2025/9/17,0,0
S076,2025/9/18,0,0
S076,2025/9/19,0,0
S076,2025/9/20,0,0
S076,2025/9/21,0,0
S076,2025/9/22,0,0
S076,2025/9/23,0,0
S076,2025/9/24,0,0
S076,2025/9/25,0,0
S076,2025/9/26,0,0
S076,2025/9/27,0,0
S076,2025/9/28,0,0
S076,2025/9/29,0,0
S076,2025/9/30,0,0
S077,2025/9/1,1,19.25
S077,2025/9/2,0,0
S077,2025/9/3,0,0
S077,2025/9/4,0,0
S077,2025/9/5,1,15.03
S077,2025/9/6,0,0
S077,2025/9/7,0,0
S077,2025/9/8,0,0
S077,2025/9/9,1,2.43
S077,2025/9/10,1,23.08
S077,2025/9/11,0,0
S077,2025/9/12,1,18.33
S077,2025/9/13,1,0.4
S077,2025/9/14,1,0.28
S077,2025/9/15,1,0.32
S077,2025/9/16,0,0
S077,2025/9/17,1,0.27
S077,2025/9/18,1,5.92
S077,2025/9/19,1,0.93
S077,2025/9/20,0,0
S077,2025/9/21,1,1
S077,2025/9/22,0,0
S077,2025/9/23,0,0
S077,2025/9/24,1,1.8
S077,2025/9/25,1,1.85
S077,2025/9/26,0,0
S077,2025/9/27,1,0.23
S077,2025/9/28,1,10.27
S077,2025/9/29,1,0.47
S077,2025/9/30,1,4.05
S078,2025/9/1,0,0
S078,2025/9/2,0,0
S078,2025/9/3,0,0
S078,2025/9/4,0,0
S078,2025/9/5,0,0
S078,2025/9/6,0,0
S078,2025/9/7,0,0
S078,2025/9/8,0,0
S078,2025/9/9,0,0
S078,2025/9/10,0,0
S078,2025/9/11,0,0
S078,2025/9/12,0,0
S078,2025/9/13,0,0
S078,2025/9/14,0,0
S078,2025/9/15,0,0
S078,2025/9/16,0,0
S078,2025/9/17,0,0
S078,2025/9/18,0,0
S078,2025/9/19,0,0
S078,2025/9/20,0,0
S078,2025/9/21,0,0
S078,2025/9/22,0,0
S078,2025/9/23,0,0
S078,2025/9/24,0,0
S078,2025/9/25,0,0
S078,2025/9/26,0,0
S078,2025/9/27,0,0
S078,2025/9/28,0,0
S078,2025/9/29,0,0
S078,2025/9/30,0,0
S079,2025/9/1,0,0
S079,2025/9/2,1,6.57
S079,2025/9/3,0,0
S079,2025/9/4,0,0
S079,2025/9/5,1,2.07
S079,2025/9/6,1,0.78
S079,2025/9/7,0,0
S079,2025/9/8,0,0
S079,2025/9/9,1,2.83
S079,2025/9/10,1,12.87
S079,2025/9/11,0,0
S079,2025/9/12,0,0
S079,2025/9/13,0,0
S079,2025/9/14,0,0
S079,2025/9/15,1,5.6
S079,2025/9/16,1,8.08
S079,2025/9/17,1,10.2
S079,2025/9/18,1,47.22
S079,2025/9/19,1,0.92
S079,2025/9/20,0,0
S079,2025/9/21,0,0
S079,2025/9/22,0,0
S079,2025/9/23,0,0
S079,2025/9/24,1,17.9
S079,2025/9/25,1,1.38
S079,2025/9/26,1,15.62
S079,2025/9/27,1,5.9
S079,2025/9/28,1,1.37
S079,2025/9/29,1,15.65
S079,2025/9/30,1,2.18
S080,2025/9/1,1,9.63
S080,2025/9/2,0,0
S080,2025/9/3,0,0
S080,2025/9/4,1,16.63
S080,2025/9/5,1,1.48
S080,2025/9/6,0,0
S080,2025/9/7,0,0
S080,2025/9/8,1,33.1
S080,2025/9/9,1,6.87
S080,2025/9/10,0,0
S080,2025/9/11,0,0
S080,2025/9/12,1,6.05
S080,2025/9/13,1,6.9
S080,2025/9/14,1,14.78
S080,2025/9/15,1,3.73
S080,2025/9/16,1,0.63
S080,2025/9/17,0,0
S080,2025/9/18,0,0
S080,2025/9/19,0,0
S080,2025/9/20,1,0.78
S080,2025/9/21,1,1.93
S080,2025/9/22,1,5.6
S080,2025/9/23,1,16.57
S080,2025/9/24,1,3.98
S080,2025/9/25,1,2.47
S080,2025/9/26,0,0
S080,2025/9/27,1,4.45
S080,2025/9/28,1,6.43
S080,2025/9/29,1,3.28
S080,2025/9/30,1,2.2
S081,2025/9/1,0,0
S081,2025/9/2,0,0
S081,2025/9/3,0,0
S081,2025/9/4,0,0
S081,2025/9/5,0,0
S081,2025/9/6,0,0
S081,2025/9/7,0,0
S081,2025/9/8,0,0
S081,2025/9/9,0,0
S081,2025/9/10,0,0
S081,2025/9/11,0,0
S081,2025/9/12,0,0
S081,2025/9/13,0,0
S081,2025/9/14,0,0
S081,2025/9/15,0,0
S081,2025/9/16,0,0
S081,2025/9/17,0,0
S081,2025/9/18,0,0
S081,2025/9/19,0,0
S081,2025/9/20,0,0
S081,2025/9/21,0,0
S081,2025/9/22,0,0
S081,2025/9/23,0,0
S081,2025/9/24,0,0
S081,2025/9/25,0,0
S081,2025/9/26,0,0
S081,2025/9/27,0,0
S081,2025/9/28,0,0
S081,2025/9/29,0,0
S081,2025/9/30,0,0
S082,2025/9/1,0,0
S082,2025/9/2,0,0
S082,2025/9/3,1,0.35
S082,2025/9/4,1,6.15
S082,2025/9/5,0,0
S082,2025/9/6,0,0
S082,2025/9/7,0,0
S082,2025/9/8,1,2.3
S082,2025/9/9,0,0
S082,2025/9/10,1,6.7
S082,2025/9/11,1,1.1
S082,2025/9/12,1,4.68
S082,2025/9/13,1,4.6
S082,2025/9/14,1,24.97
S082,2025/9/15,1,2.65
S082,2025/9/16,0,0
S082,2025/9/17,0,0
S082,2025/9/18,1,0.25
S082,2025/9/19,1,4.38
S082,2025/9/20,0,0
S082,2025/9/21,1,0.78
S082,2025/9/22,1,0.73
S082,2025/9/23,0,0
S082,2025/9/24,1,5.65
S082,2025/9/25,1,2.47
S082,2025/9/26,0,0
S082,2025/9/27,0,0
S082,2025/9/28,1,1.17
S082,2025/9/29,0,0
S082,2025/9/30,1,1.33
S083,2025/9/1,0,0
S083,2025/9/2,0,0
S083,2025/9/3,0,0
S083,2025/9/4,1,11.05
S083,2025/9/5,1,1.3
S083,2025/9/6,1,7.87
S083,2025/9/7,0,0
S083,2025/9/8,1,1.58
S083,2025/9/9,0,0
S083,2025/9/10,0,0
S083,2025/9/11,0,0
S083,2025/9/12,1,6.68
S083,2025/9/13,1,0.02
S083,2025/9/14,1,7.72
S083,2025/9/15,1,16.53
S083,2025/9/16,1,0.12
S083,2025/9/17,1,0.17
S083,2025/9/18,1,0.58
S083,2025/9/19,0,0
S083,2025/9/20,1,1.7
S083,2025/9/21,0,0
S083,2025/9/22,0,0
S083,2025/9/23,1,0.65
S083,2025/9/24,1,1.32
S083,2025/9/25,1,4.58
S083,2025/9/26,1,3.45
S083,2025/9/27,0,0
S083,2025/9/28,0,0
S083,2025/9/29,0,0
S083,2025/9/30,1,13.02
S084,2025/9/1,1,2.83
S084,2025/9/2,0,0
S084,2025/9/3,0,0
S084,2025/9/4,1,10.8
S084,2025/9/5,0,0
S084,2025/9/6,0,0
S084,2025/9/7,1,1.47
S084,2025/9/8,1,3.73
S084,2025/9/9,1,0.33
S084,2025/9/10,1,4.12
S084,2025/9/11,0,0
S084,2025/9/12,0,0
S084,2025/9/13,0,0
S084,2025/9/14,0,0
S084,2025/9/15,1,1.82
S084,2025/9/16,0,0
S084,2025/9/17,1,1.3
S084,2025/9/18,1,0.55
S084,2025/9/19,1,0.68
S084,2025/9/20,1,0.13
S084,2025/9/21,1,0.85
S084,2025/9/22,1,1.67
S084,2025/9/23,1,4.75
S084,2025/9/24,1,0.92
S084,2025/9/25,1,3.52
S084,2025/9/26,1,2.25
S084,2025/9/27,1,0.42
S084,2025/9/28,1,2.37
S084,2025/9/29,1,1.78
S084,2025/9/30,0,0
S085,2025/9/1,0,0
S085,2025/9/2,1,0.63
S085,2025/9/3,1,0.22
S085,2025/9/4,1,2.72
S085,2025/9/5,1,3.48
S085,2025/9/6,1,1.97
S085,2025/9/7,1,0.12
S085,2025/9/8,1,5.22
S085,2025/9/9,1,0.28
S085,2025/9/10,1,4.08
S085,2025/9/11,1,2.72
S085,2025/9/12,0,0
S085,2025/9/13,0,0
S085,2025/9/14,1,0.97
S085,2025/9/15,1,0.3
S085,2025/9/16,0,0
S085,2025/9/17,0,0
S085,2025/9/18,1,1.98
S085,2025/9/19,1,1.02
S085,2025/9/20,1,2.78
S085,2025/9/21,1,0.63
S085,2025/9/22,0,0
S085,2025/9/23,0,0
S085,2025/9/24,0,0
S085,2025/9/25,1,7.33
S085,2025/9/26,0,0
S085,2025/9/27,1,0.13
S085,2025/9/28,1,5.5
S085,2025/9/29,1,3.07
S085,2025/9/30,1,1.87
S086,2025/9/1,1,11.72
S086,2025/9/2,1,0.25
S086,2025/9/3,1,6.23
S086,2025/9/4,1,0.22
S086,2025/9/5,1,2.97
S086,2025/9/6,1,0.73
S086,2025/9/7,0,0
S086,2025/9/8,0,0
S086,2025/9/9,0,0
S086,2025/9/10,1,1.63
S086,2025/9/11,1,0.18
S086,2025/9/12,0,0
S086,2025/9/13,0,0
S086,2025/9/14,1,2.62
S086,2025/9/15,1,13.77
S086,2025/9/16,1,4.38
S086,2025/9/17,1,3.67
S086,2025/9/18,1,21.23
S086,2025/9/19,1,8.38
S086,2025/9/20,0,0
S086,2025/9/21,1,0.37
S086,2025/9/22,0,0
S086,2025/9/23,1,0.8
S086,2025/9/24,1,11.62
S086,2025/9/25,1,2.85
S086,2025/9/26,0,0
S086,2025/9/27,0,0
S086,2025/9/28,1,8.12
S086,2025/9/29,1,1.4
S086,2025/9/30,1,1.82
S087,2025/9/1,1,9.9
S087,2025/9/2,0,0
S087,2025/9/3,1,1.35
S087,2025/9/4,0,0
S087,2025/9/5,1,0.93
S087,2025/9/6,0,0
S087,2025/9/7,0,0
S087,2025/9/8,1,1.27
S087,2025/9/9,0,0
S087,2025/9/10,1,18.1
S087,2025/9/11,1,29.18
S087,2025/9/12,1,0.58
S087,2025/9/13,1,9.02
S087,2025/9/14,1,5.98
S087,2025/9/15,0,0
S087,2025/9/16,0,0
S087,2025/9/17,1,0.25
S087,2025/9/18,0,0
S087,2025/9/19,0,0
S087,2025/9/20,1,19.42
S087,2025/9/21,1,11.27
S087,2025/9/22,1,2.6
S087,2025/9/23,1,2.67
S087,2025/9/24,1,5.48
S087,2025/9/25,1,1.32
S087,2025/9/26,1,2.95
S087,2025/9/27,1,0.77
S087,2025/9/28,1,1.62
S087,2025/9/29,0,0
S087,2025/9/30,0,0
S088,2025/9/1,0,0
S088,2025/9/2,0,0
S088,2025/9/3,0,0
S088,2025/9/4,0,0
S088,2025/9/5,1,0.05
S088,2025/9/6,1,5.77
S088,2025/9/7,1,0.57
S088,2025/9/8,1,2.5
S088,2025/9/9,0,0
S088,2025/9/10,1,18.62
S088,2025/9/11,1,0.98
S088,2025/9/12,1,1.2
S088,2025/9/13,1,0.12
S088,2025/9/14,1,4.47
S088,2025/9/15,1,18.83
S088,2025/9/16,1,4.25
S088,2025/9/17,0,0
S088,2025/9/18,1,2.65
S088,2025/9/19,1,0.13
S088,2025/9/20,1,0.13
S088,2025/9/21,1,0.02
S088,2025/9/22,0,0
S088,2025/9/23,1,0.08
S088,2025/9/24,1,0.18
S088,2025/9/25,0,0
S088,2025/9/26,1,0.1
S088,2025/9/27,1,0.2
S088,2025/9/28,1,6.88
S088,2025/9/29,0,0
S088,2025/9/30,1,1.38
S089,2025/9/1,0,0
S089,2025/9/2,1,0.93
S089,2025/9/3,0,0
S089,2025/9/4,1,5.42
S089,2025/9/5,0,0
S089,2025/9/6,0,0
S089,2025/9/7,0,0
S089,2025/9/8,1,1.85
S089,2025/9/9,1,5
S089,2025/9/10,1,0.93
S089,2025/9/11,0,0
S089,2025/9/12,1,0.48
S089,2025/9/13,0,0
S089,2025/9/14,0,0
S089,2025/9/15,1,2.98
S089,2025/9/16,1,2.05
S089,2025/9/17,1,0.08
S089,2025/9/18,1,4.43
S089,2025/9/19,1,0.8
S089,2025/9/20,1,0.47
S089,2025/9/21,1,0.77
S089,2025/9/22,0,0
S089,2025/9/23,1,0.6
S089,2025/9/24,0,0
S089,2025/9/25,1,0.85
S089,2025/9/26,0,0
S089,2025/9/27,0,0
S089,2025/9/28,1,0.27
S089,2025/9/29,1,0.83
S089,2025/9/30,1,4.13
S090,2025/9/1,1,1.52
S090,2025/9/2,1,15.53
S090,2025/9/3,0,0
S090,2025/9/4,0,0
S090,2025/9/5,1,0.8
S090,2025/9/6,1,2.45
S090,2025/9/7,1,6.48
S090,2025/9/8,0,0
S090,2025/9/9,1,7.38
S090,2025/9/10,1,2.98
S090,2025/9/11,0,0
S090,2025/9/12,1,2.72
S090,2025/9/13,0,0
S090,2025/9/14,1,0.13
S090,2025/9/15,1,0.32
S090,2025/9/16,1,0.02
S090,2025/9/17,1,1.57
S090,2025/9/18,1,5.97
S090,2025/9/19,0,0
S090,2025/9/20,1,0.28
S090,2025/9/21,0,0
S090,2025/9/22,1,0.32
S090,2025/9/23,0,0
S090,2025/9/24,1,0.25
S090,2025/9/25,0,0
S090,2025/9/26,1,0.57
S090,2025/9/27,1,0.2
S090,2025/9/28,1,4.78
S090,2025/9/29,1,0.85
S090,2025/9/30,0,0
S091,2025/9/1,1,1.52
S091,2025/9/2,0,0
S091,2025/9/3,1,2.88
S091,2025/9/4,1,0.87
S091,2025/9/5,1,1.08
S091,2025/9/6,0,0
S091,2025/9/7,1,4.67
S091,2025/9/8,1,1.07
S091,2025/9/9,1,0.23
S091,2025/9/10,1,1.85
S091,2025/9/11,1,0.83
S091,2025/9/12,1,0.6
S091,2025/9/13,1,1.58
S091,2025/9/14,1,4.57
S091,2025/9/15,1,10.45
S091,2025/9/16,1,7.58
S091,2025/9/17,0,0
S091,2025/9/18,1,1.67
S091,2025/9/19,0,0
S091,2025/9/20,1,0.17
S091,2025/9/21,1,15.75
S091,2025/9/22,0,0
S091,2025/9/23,1,6.05
S091,2025/9/24,1,15.28
S091,2025/9/25,1,6.13
S091,2025/9/26,1,2.45
S091,2025/9/27,0,0
S091,2025/9/28,1,11.15
S091,2025/9/29,1,1.33
S091,2025/9/30,1,12.2
S092,2025/9/1,1,6.48
S092,2025/9/2,1,6.9
S092,2025/9/3,1,11.55
S092,2025/9/4,0,0
S092,2025/9/5,1,4.4
S092,2025/9/6,1,6.17
S092,2025/9/7,1,2.05
S092,2025/9/8,1,2.87
S092,2025/9/9,1,3.57
S092,2025/9/10,1,12.05
S092,2025/9/11,0,0
S092,2025/9/12,1,8.2
S092,2025/9/13,0,0
S092,2025/9/14,1,3.48
S092,2025/9/15,1,0.53
S092,2025/9/16,0,0
S092,2025/9/17,1,5.73
S092,2025/9/18,1,3.7
S092,2025/9/19,1,10.82
S092,2025/9/20,1,1.67
S092,2025/9/21,1,34.3
S092,2025/9/22,1,44.83
S092,2025/9/23,1,11.58
S092,2025/9/24,0,0
S092,2025/9/25,1,50.57
S092,2025/9/26,0,0
S092,2025/9/27,1,1.77
S092,2025/9/28,1,5.65
S092,2025/9/29,1,4.6
S092,2025/9/30,0,0
S093,2025/9/1,1,1.25
S093,2025/9/2,0,0
S093,2025/9/3,1,47.72
S093,2025/9/4,0,0
S093,2025/9/5,1,0.52
S093,2025/9/6,1,5.02
S093,2025/9/7,0,0
S093,2025/9/8,0,0
S093,2025/9/9,0,0
S093,2025/9/10,1,0.1
S093,2025/9/11,0,0
S093,2025/9/12,1,0.77
S093,2025/9/13,1,0.23
S093,2025/9/14,1,0.47
S093,2025/9/15,1,0.77
S093,2025/9/16,1,0.95
S093,2025/9/17,1,24.45
S093,2025/9/18,1,7.2
S093,2025/9/19,1,9.63
S093,2025/9/20,1,6.72
S093,2025/9/21,1,0.7
S093,2025/9/22,1,0.33
S093,2025/9/23,1,0.4
S093,2025/9/24,1,0.67
S093,2025/9/25,0,0
S093,2025/9/26,0,0
S093,2025/9/27,1,12.13
S093,2025/9/28,1,0.57
S093,2025/9/29,1,1.98
S093,2025/9/30,1,0.7
S094,2025/9/1,1,4.05
S094,2025/9/2,1,5.08
S094,2025/9/3,1,0.27
S094,2025/9/4,0,0
S094,2025/9/5,0,0
S094,2025/9/6,0,0
S094,2025/9/7,0,0
S094,2025/9/8,1,0.93
S094,2025/9/9,1,4.07
S094,2025/9/10,1,44.87
S094,2025/9/11,1,10.82
S094,2025/9/12,0,0
S094,2025/9/13,0,0
S094,2025/9/14,1,2.78
S094,2025/9/15,1,1.6
S094,2025/9/16,1,45.83
S094,2025/9/17,0,0
S094,2025/9/18,0,0
S094,2025/9/19,1,8.83
S094,2025/9/20,1,0.95
S094,2025/9/21,1,55.78
S094,2025/9/22,1,7.03
S094,2025/9/23,1,7.45
S094,2025/9/24,1,9.88
S094,2025/9/25,1,17.63
S094,2025/9/26,0,0
S094,2025/9/27,1,1
S094,2025/9/28,1,12.25
S094,2025/9/29,1,8.28
S094,2025/9/30,0,0
S095,2025/9/1,0,0
S095,2025/9/2,0,0
S095,2025/9/3,0,0
S095,2025/9/4,0,0
S095,2025/9/5,0,0
S095,2025/9/6,0,0
S095,2025/9/7,0,0
S095,2025/9/8,0,0
S095,2025/9/9,0,0
S095,2025/9/10,0,0
S095,2025/9/11,0,0
S095,2025/9/12,0,0
S095,2025/9/13,0,0
S095,2025/9/14,0,0
S095,2025/9/15,0,0
S095,2025/9/16,0,0
S095,2025/9/17,0,0
S095,2025/9/18,0,0
S095,2025/9/19,0,0
S095,2025/9/20,0,0
S095,2025/9/21,0,0
S095,2025/9/22,0,0
S095,2025/9/23,0,0
S095,2025/9/24,0,0
S095,2025/9/25,0,0
S095,2025/9/26,0,0
S095,2025/9/27,0,0
S095,2025/9/28,0,0
S095,2025/9/29,0,0
S095,2025/9/30,0,0
S096,2025/9/1,0,0
S096,2025/9/2,0,0
S096,2025/9/3,0,0
S096,2025/9/4,0,0
S096,2025/9/5,0,0
S096,2025/9/6,0,0
S096,2025/9/7,0,0
S096,2025/9/8,0,0
S096,2025/9/9,0,0
S096,2025/9/10,0,0
S096,2025/9/11,0,0
S096,2025/9/12,0,0
S096,2025/9/13,0,0
S096,2025/9/14,0,0
S096,2025/9/15,0,0
S096,2025/9/16,0,0
S096,2025/9/17,0,0
S096,2025/9/18,0,0
S096,2025/9/19,0,0
S096,2025/9/20,0,0
S096,2025/9/21,0,0
S096,2025/9/22,0,0
S096,2025/9/23,0,0
S096,2025/9/24,0,0
S096,2025/9/25,0,0
S096,2025/9/26,0,0
S096,2025/9/27,0,0
S096,2025/9/28,0,0
S096,2025/9/29,0,0
S096,2025/9/30,0,0
S097,2025/9/1,1,10.9
S097,2025/9/2,0,0
S097,2025/9/3,0,0
S097,2025/9/4,0,0
S097,2025/9/5,1,0.35
S097,2025/9/6,1,2.98
S097,2025/9/7,1,36.55
S097,2025/9/8,1,24.28
S097,2025/9/9,1,1.07
S097,2025/9/10,1,1.27
S097,2025/9/11,1,0.3
S097,2025/9/12,0,0
S097,2025/9/13,1,3.43
S097,2025/9/14,1,13.72
S097,2025/9/15,0,0
S097,2025/9/16,1,0.72
S097,2025/9/17,0,0
S097,2025/9/18,0,0
S097,2025/9/19,1,0.65
S097,2025/9/20,1,3.58
S097,2025/9/21,0,0
S097,2025/9/22,0,0
S097,2025/9/23,1,3.8
S097,2025/9/24,1,0.13
S097,2025/9/25,1,0.08
S097,2025/9/26,1,0.2
S097,2025/9/27,0,0
S097,2025/9/28,1,0.22
S097,2025/9/29,1,0.8
S097,2025/9/30,1,1.25
S098,2025/9/1,0,0
S098,2025/9/2,1,13.38
S098,2025/9/3,1,2.95
S098,2025/9/4,0,0
S098,2025/9/5,1,0.83
S098,2025/9/6,1,1.48
S098,2025/9/7,1,5.47
S098,2025/9/8,1,1.4
S098,2025/9/9,1,15.9
S098,2025/9/10,1,5.22
S098,2025/9/11,1,0.03
S098,2025/9/12,1,15.58
S098,2025/9/13,0,0
S098,2025/9/14,1,12.8
S098,2025/9/15,1,0.88
S098,2025/9/16,1,0.27
S098,2025/9/17,0,0
S098,2025/9/18,1,0.55
S098,2025/9/19,0,0
S098,2025/9/20,1,0.5
S098,2025/9/21,0,0
S098,2025/9/22,1,12.5
S098,2025/9/23,1,1.58
S098,2025/9/24,1,9.45
S098,2025/9/25,1,0.4
S098,2025/9/26,0,0
S098,2025/9/27,1,5.45
S098,2025/9/28,0,0
S098,2025/9/29,1,2.4
S098,2025/9/30,0,0
S099,2025/9/1,1,0.63
S099,2025/9/2,0,0
S099,2025/9/3,0,0
S099,2025/9/4,0,0
S099,2025/9/5,1,10.48
S099,2025/9/6,1,1.45
S099,2025/9/7,1,0.2
S099,2025/9/8,1,1.7
S099,2025/9/9,1,31.78
S099,2025/9/10,0,0
S099,2025/9/11,0,0
S099,2025/9/12,0,0
S099,2025/9/13,1,1.33
S099,2025/9/14,1,13.63
S099,2025/9/15,1,0.28
S099,2025/9/16,1,0.37
S099,2025/9/17,1,48.65
S099,2025/9/18,1,43.5
S099,2025/9/19,1,14.42
S099,2025/9/20,0,0
S099,2025/9/21,1,10.5
S099,2025/9/22,1,64.53
S099,2025/9/23,1,16.22
S099,2025/9/24,1,66.03
S099,2025/9/25,1,8.3
S099,2025/9/26,0,0
S099,2025/9/27,0,0
S099,2025/9/28,1,9.05
S099,2025/9/29,1,5.7
S099,2025/9/30,1,6.58
