student_id,paper_id,paper_name,subject,grade_level,scene,is_submitted,submit_time,total_questions,wrong_count,wrong_question_ids,correct_rate
2410954,45135663,北京市海淀区2023-2024学年高三下学期期末练习（二模）化学试题,化学,高三,刷真题,未交卷仅在线练,2026/4/29 10:40,19,0,null,0
65002550,52617892,2025高考北京卷生物真题试卷,生物学,高三,刷真题,已交卷,2026/4/25 8:47,21,1,3778915299950592,0.9524
65002550,52617892,2025高考北京卷生物真题试卷,生物学,高三,刷真题,未交卷仅在线练,2026/4/29 8:38,21,0,"37,789,153,002,455,000,000,000,000,000,000,000,000,000,000,000,000,000,000,000,000,000,000,000,000,000,000,000,000,000,000,000,000,000,000,000,000,000,000,000,000,000,000,000,000,000,000,000,000,000,000,000,000,000,000,000,000,000,000",0
65002550,51782098,2025届北京市东城区高三一模生物试题,生物学,高三,刷真题,未交卷仅在线练,2026/4/29 16:10,21,0,3731753222365184,0
74340868,52171754,2025届北京市朝阳区高三下学期二模物理试卷,物理,高三,刷真题,已交卷,2026/4/28 8:56,22,0,null,1
87172441,52647150,2025年山东高考政治试题,政治（道法）,高三,刷真题,已交卷,2026/4/20 17:10,20,3,"377,612,586,303,488,000,000,000,000,000,000,000,000,000,000,000",0.85
87172441,52647150,2025年山东高考政治试题,政治（道法）,高三,刷真题,未交卷仅在线练,2026/4/20 17:12,20,0,null,0
87172450,52555904,2025年高考北京卷数学真题,数学,高三,刷真题,未交卷仅在线练,2026/5/13 23:19,21,0,null,0
87172479,56946626,北京市首都师范大学附属中学昌平学校2025-2026学年第二学期月考练习高三数学,数学,高三,刷真题,未交卷仅在线练,2026/4/20 16:58,21,0,null,0
87172481,52647150,2025年山东高考政治试题,政治（道法）,高三,刷真题,未交卷仅在线练,2026/4/20 17:04,20,0,null,0
87172482,52555904,2025年高考北京卷数学真题,数学,高三,刷真题,已交卷,2026/4/20 16:59,21,1,3775587947839488,0.9524
87172482,52601872,2025北京高考政治试题,政治（道法）,高三,刷真题,未交卷仅在线练,2026/4/20 17:03,21,0,null,0
87172482,52616875,2025年北京高考历史真题,历史,高三,刷真题,已交卷,2026/4/20 17:08,20,1,3778938018029568,0.95
87172482,52616875,2025年北京高考历史真题,历史,高三,刷真题,已交卷,2026/4/20 17:14,20,0,null,1
87172483,57284788,北京市海淀区2025—2026学年第二学期期中练习高三数学,数学,高三,刷真题,未交卷仅在线练,2026/4/18 12:08,21,0,"39,873,912,212,439,000,000,000,000,000,000",0
87172483,57318362,2026届北京西城区高三第二学期统一测试（一模）试卷,历史,高三,刷真题,已交卷,2026/4/20 16:59,20,1,3989874615156736,0.95
87172485,52555904,2025年高考北京卷数学真题,数学,高三,刷真题,未交卷仅在线练,2026/4/20 17:04,21,0,3775587947839488,0
87172485,52617892,2025高考北京卷生物真题试卷,生物学,高三,刷真题,已交卷,2026/4/20 17:06,21,2,"37,789,153,002,455,000,000,000,000,000,000",0.9048
87172485,52617892,2025高考北京卷生物真题试卷,生物学,高三,刷真题,已交卷,2026/4/20 17:10,21,1,3778915300343808,0.9524
87172489,52555904,2025年高考北京卷数学真题,数学,高三,刷真题,未交卷仅在线练,2026/4/18 18:21,21,0,null,0
87172489,52670756,2025高考北京卷语文,语文,高三,刷真题,未交卷仅在线练,2026/4/20 17:08,12,0,null,0
87172491,57820948,北京市东城区2025-2026学年第二学期高三综合练习（二）物理试卷,物理,高三,刷真题,已交卷,2026/5/16 20:37,22,5,"40,098,685,379,870,700,000,000,000,000,000,000,000,000,000,000,000,000,000,000,000,000,000,000,000,000,000",0.7727
87172491,57820948,北京市东城区2025-2026学年第二学期高三综合练习（二）物理试卷,物理,高三,刷真题,已交卷,2026/5/16 20:39,22,5,"40,098,685,379,870,700,000,000,000,000,000,000,000,000,000,000,000,000,000,000,000,000,000,000,000,000,000",0.7727
87172491,57756764,北京市东城区2025-2026学年度第二学期高三综合练习(二) 数学,数学,高三,刷真题,已交卷,2026/5/16 20:44,21,1,4008211252748288,0.9524
87172492,52555904,2025年高考北京卷数学真题,数学,高三,刷真题,未交卷仅在线练,2026/4/20 16:55,21,0,null,0
87172492,52617461,2025高考北京卷英语,英语,高三,刷真题,未交卷仅在线练,2026/4/20 17:05,11,0,null,0
87172492,54593313,2025年天津高考地理真题,地理,高三,刷真题,已交卷,2026/4/20 17:10,11,1,"38,724,948,233,420,800,000,000,000,000,000",0.9091
87172493,56895650,北京市平谷区2025-2026学年高三下学期一模质量监控数学试卷,数学,高三,刷真题,未交卷仅在线练,2026/4/20 17:00,21,0,null,0
87172497,56888415,北京延庆区2025-2026学年第二学期试卷高三数学,数学,高三,刷真题,已交卷,2026/4/20 17:10,21,2,"39,650,444,775,587,800,000,000,000,000,000",0.9048
87172497,56888415,北京延庆区2025-2026学年第二学期试卷高三数学,数学,高三,刷真题,已交卷,2026/4/20 17:13,21,2,"39,650,444,775,587,800,000,000,000,000,000",0.9048
87172501,57291696,北京市门头沟区2026届高三下学期3月综合练习数学试题,数学,高三,刷真题,未交卷仅在线练,2026/4/20 17:11,21,0,null,0
87172501,57067322,北京市第八十中学2025-2026学年第二学期高三一模前模拟练习数学统练五,数学,高三,刷真题,未交卷仅在线练,2026/4/20 17:12,20,0,null,0
87172508,52555904,2025年高考北京卷数学真题,数学,高三,刷真题,已交卷,2026/4/17 21:13,21,2,"37,755,879,481,917,400,000,000,000,000,000",0.9048
87172519,57284788,北京市海淀区2025—2026学年第二学期期中练习高三数学,数学,高三,刷真题,未交卷仅在线练,2026/4/17 20:59,21,0,null,0
87172519,56888415,北京延庆区2025-2026学年第二学期试卷高三数学,数学,高三,刷真题,已交卷,2026/4/17 21:24,21,3,"396,504,447,786,188,000,000,000,000,000,000,000,000,000,000,000",0.8571
87172522,52555904,2025年高考北京卷数学真题,数学,高三,刷真题,未交卷仅在线练,2026/5/17 19:55,21,0,null,0
87172528,57252468,北京市西城区2026届高三4月统一测试试卷数学,数学,高三,刷真题,未交卷仅在线练,2026/4/18 22:15,21,0,"398,735,012,256,972,000,000,000,000,000,000,000,000,000,000,000",0
87172528,57284788,北京市海淀区2025—2026学年第二学期期中练习高三数学,数学,高三,刷真题,已交卷,2026/4/19 8:06,21,4,"3,987,391,221,006,330,000,000,000,000,000,000,000,000,000,000,000,000,000,000,000,000",0.8095
87211582,57820948,北京市东城区2025-2026学年第二学期高三综合练习（二）物理试卷,物理,高三,刷真题,未交卷仅在线练,2026/5/13 22:15,22,0,4009868537593856,0
87211584,52622049,2025年北京高考真题化学试题,化学,高三,刷真题,未交卷仅在线练,2026/5/2 16:10,19,0,3778926113718272,0
87211584,57617884,北京市通州区2026届4月高三年级模拟考试英语试卷,英语,高三,刷真题,未交卷仅在线练,2026/5/5 12:18,11,0,null,0
87211584,54337294,北京市延庆区第五中学2025-2026学年高三上学期三模数学练习,数学,高三,刷真题,未交卷仅在线练,2026/5/10 10:44,21,0,null,0
87211584,54327230,2026届北京市高三二模语文试题,语文,高三,刷真题,未交卷仅在线练,2026/5/10 11:00,12,0,null,0
87211584,52617461,2025高考北京卷英语,英语,高三,刷真题,未交卷仅在线练,2026/5/23 16:06,11,0,null,0
87211593,57252468,北京市西城区2026届高三4月统一测试试卷数学,数学,高三,刷真题,未交卷仅在线练,2026/4/20 22:30,21,0,null,0
87211605,52670756,2025高考北京卷语文,语文,高三,刷真题,未交卷仅在线练,2026/4/20 17:05,12,0,null,0
87211732,57284788,北京市海淀区2025—2026学年第二学期期中练习高三数学,数学,高三,刷真题,未交卷仅在线练,2026/4/20 17:53,21,0,null,0
87211824,57291696,北京市门头沟区2026届高三下学期3月综合练习数学试题,数学,高三,刷真题,未交卷仅在线练,2026/4/20 17:46,21,0,null,0
87211834,52617461,2025高考北京卷英语,英语,高三,刷真题,未交卷仅在线练,2026/4/20 17:12,11,0,null,0
87211864,57291696,北京市门头沟区2026届高三下学期3月综合练习数学试题,数学,高三,刷真题,已交卷,2026/4/21 10:00,21,0,null,1
87211875,52622049,2025年北京高考真题化学试题,化学,高三,刷真题,未交卷仅在线练,2026/4/21 23:13,19,0,3778926113718272,0
87211875,52617461,2025高考北京卷英语,英语,高三,刷真题,未交卷仅在线练,2026/4/21 23:13,11,0,null,0
87211886,57192220,北京市房山区2026届高三第一次综合练习数学试题,数学,高三,刷真题,未交卷仅在线练,2026/4/21 9:58,21,0,null,0
87211892,52682845,北京市第九中学2025届高三保温卷数学试题,数学,高三,刷真题,未交卷仅在线练,2026/4/21 21:35,21,0,null,0
87211899,52616985,2025年北京高考地理真题,地理,高三,刷真题,已交卷,2026/4/26 20:23,13,5,"37,789,557,157,232,600,000,000,000,000,000,000,000,000,000,000,000,000,000,000,000,000,000,000,000,000,000,000,000,000,000,000,000,000,000,000,000,000,000,000,000,000,000,000,000,000,000,000,000,000,000,000,000,000,000,000,000,000,000",0.6154
87211899,52601872,2025北京高考政治试题,政治（道法）,高三,刷真题,已交卷,2026/4/28 22:19,21,5,"37,782,230,542,745,600,000,000,000,000,000,000,000,000,000,000,000,000,000,000,000,000,000,000,000,000,000",0.7619
87211899,30228294,2021年北京市英语高考真题,英语,高三,刷真题,已交卷,2026/4/30 21:32,11,0,null,1
87211899,34876521,2022年北京卷英语真题,英语,高三,刷真题,已交卷,2026/4/30 22:10,11,0,null,1
87211899,40009548,2023年北京卷英语真题,英语,高三,刷真题,已交卷,2026/4/30 22:10,11,2,"32,827,957,278,474,200,000,000,000,000,000",0.8182
87211899,34876521,2022年北京卷英语真题,英语,高三,刷真题,已交卷,2026/4/30 22:10,11,0,null,1
87211899,46051328,2024年北京卷英语真题,英语,高三,刷真题,已交卷,2026/4/30 22:45,11,0,null,1
87211899,52617461,2025高考北京卷英语,英语,高三,刷真题,已交卷,2026/4/30 22:45,11,0,null,1
87211899,56895650,北京市平谷区2025-2026学年高三下学期一模质量监控数学试卷,数学,高三,刷真题,已交卷,2026/5/1 13:13,21,0,null,1
87211899,45695265,2024年北京高考数学真题,数学,高三,刷真题,已交卷,2026/5/2 21:00,21,0,null,1
87211899,52617461,2025高考北京卷英语,英语,高三,刷真题,已交卷,2026/5/2 22:35,11,0,null,1
87211899,52555904,2025年高考北京卷数学真题,数学,高三,刷真题,已交卷,2026/5/5 19:52,21,1,3775587948331008,0.9524
87211899,52053211, 2025届北京市昌平区高三下学期二模政治试题,政治（道法）,高三,刷真题,已交卷,2026/5/7 21:49,22,2,"37,516,946,772,459,500,000,000,000,000,000",0.9091
87211899,57756961,北京市朝阳区2025-2026学年高三年级第二学期质量检测二数学试卷,数学,高三,刷真题,已交卷,2026/5/23 21:28,21,0,null,1
87211903,52617892,2025高考北京卷生物真题试卷,生物学,高三,刷真题,未交卷仅在线练,2026/4/20 17:08,21,0,null,0
87212348,52617461,2025高考北京卷英语,英语,高三,刷真题,已交卷,2026/4/25 14:47,11,4,"377,901,448,894,873,000,000,000,000,000,000,000,000,000,000,000,000,000,000,000,000,000,000,000,000,000,000,000,000,000,000,000,000,000,000,000,000,000,000,000,000,000,000,000,000,000,000,000,000,000,000,000,000,000,000,000,000,000,000,000,000,000,000,000",0.6364
87212348,57368453,北京市东城区2025-2026学年高三下学期高三综合练习(一) 物理试卷,物理,高三,刷真题,已交卷,2026/4/25 20:50,21,0,null,1
87212348,57310781,2026届北京市朝阳区高三第二学期质量检测一物理试卷,物理,高三,刷真题,已交卷,2026/4/25 20:55,22,0,null,1
87212348,57289602,北京市海淀区2025-2026学年第二学期期中练习高三英语试题（一模）,英语,高三,刷真题,已交卷,2026/4/25 20:57,11,1,"39,890,705,368,842,200,000,000,000,000,000",0.9091
87212348,57165035,北京市顺义区2025-2026学年高三下学期统一测试试卷英语,英语,高三,刷真题,已交卷,2026/4/25 21:02,11,1,"39,829,323,875,614,700,000,000,000,000,000",0.9091
87212348,51677362,北京市西城区2025届高三化学一模试题,化学,高三,刷真题,已交卷,2026/4/25 21:09,19,1,3735346622382080,0.9474
87212348,57377702,北京市西城区2026届高三下学期统一测试试卷 化学试题,化学,高三,刷真题,已交卷,2026/4/25 21:11,19,1,3989722207862784,0.9474
87212348,52601499,北京市东城区2024-2025学年高三上学期期末统一检测  化学试卷,化学,高三,刷真题,已交卷,2026/4/25 21:13,19,0,null,1
87212348,57361731,北京市东城区2025-2026学年度第二学期高三综合练习(一) 化学试卷,化学,高三,刷真题,已交卷,2026/4/26 22:35,19,1,3989835973976064,0.9474
87212348,57193526,北京市朝阳区2026届高三年级第二学期质量检测一数学试卷,数学,高三,刷真题,已交卷,2026/4/27 22:53,21,1,3982354306572288,0.9524
87212348,52617461,2025高考北京卷英语,英语,高三,刷真题,已交卷,2026/5/2 23:12,11,1,"37,790,144,889,487,300,000,000,000,000,000",0.9091
87212348,49108670,北京市朝阳区清华大学附属中学朝阳学校CACA2024-2025学年高三上学期12月尖子生测试物理试卷,物理,高三,刷真题,未交卷仅在线练,2026/5/9 21:11,24,0,null,0
87212348,57256005,北京市中国人民大学附属中学2025-2026学年高三下学期3月阶段检测物理试题,物理,高三,刷真题,已交卷,2026/5/10 14:11,20,1,3981358597947392,0.95
87212348,52171754,2025届北京市朝阳区高三下学期二模物理试卷,物理,高三,刷真题,已交卷,2026/5/10 14:30,22,6,"375,655,000,970,854,000,000,000,000,000,000,000,000,000,000,000,000,000,000,000,000,000,000,000,000,000,000,000,000,000,000,000",0.7273
87212348,52142717,2025届北京市丰台区高三下学期二模物理试题,物理,高三,刷真题,已交卷,2026/5/10 14:41,22,3,"375,098,965,247,590,000,000,000,000,000,000,000,000,000,000,000",0.8636
87212348,52081353,2025届北京市西城区高三下学期二模物理试题,物理,高三,刷真题,已交卷,2026/5/10 14:44,20,3,"375,097,023,837,798,000,000,000,000,000,000,000,000,000,000,000",0.85
87212348,52081474,2025届北京市东城区高三下学期二模物理试卷,物理,高三,刷真题,已交卷,2026/5/10 14:46,20,3,"157,495,410,816,614,000,000,000,000,000,000,000,000,000,000,000",0.85
87212348,57284788,北京市海淀区2025—2026学年第二学期期中练习高三数学,数学,高三,刷真题,已交卷,2026/5/31 12:05,21,1,3987391221006336,0.9524
87212348,52617461,2025高考北京卷英语,英语,高三,刷真题,已交卷,2026/5/31 13:15,11,0,null,1
87212348,52617461,2025高考北京卷英语,英语,高三,刷真题,已交卷,2026/5/31 19:07,11,0,null,1
87212348,52622049,2025年北京高考真题化学试题,化学,高三,刷真题,已交卷,2026/5/31 22:08,19,0,null,1
87212348,46005667,2024年北京高考真题化学试题,化学,高三,刷真题,已交卷,2026/5/31 22:09,19,0,null,1
87212348,39750902,2023年高考北京卷化学真题,化学,高三,刷真题,已交卷,2026/5/31 22:10,19,0,null,1
87212763,54159468,北京市育才学校2024-2025学年高三下学期5月适应性仿真考试化学试题,化学,高三,刷真题,已交卷,2026/4/26 23:35,19,6,"373,506,639,044,608,000,000,000,000,000,000,000,000,000,000,000,000,000,000,000,000,000,000,000,000,000,000,000,000,000,000,000",0.6842
87212866,57067322,北京市第八十中学2025-2026学年第二学期高三一模前模拟练习数学统练五,数学,高三,刷真题,已交卷,2026/4/23 19:24,20,4,"3,792,025,575,383,040,000,000,000,000,000,000,000,000,000,000,000,000,000,000,000,000",0.8
87212866,57067322,北京市第八十中学2025-2026学年第二学期高三一模前模拟练习数学统练五,数学,高三,刷真题,未交卷仅在线练,2026/4/23 19:27,20,0,null,0
87212866,39620905,2023年北京高考数学真题,数学,高三,刷真题,已交卷,2026/5/29 20:11,21,0,null,1
87212866,39620905,2023年北京高考数学真题,数学,高三,刷真题,已交卷,2026/5/29 21:38,21,0,null,1
87212977,52278976,北京市西城区2025届高三下学期二模 化学试题,化学,高三,刷真题,未交卷仅在线练,2026/5/4 16:39,19,0,null,0
87216775,57282442,北京市昌平区2026届高三年级第一次统一练习数学试卷,数学,高三,刷真题,未交卷仅在线练,2026/4/25 20:15,21,0,null,0
87216868,57103148,北京师范大学附属第二中学2026届高三下学期化学统练3,化学,高三,刷真题,未交卷仅在线练,2026/4/22 16:10,19,0,3493182675550208,0
87226982,57193526,北京市朝阳区2026届高三年级第二学期质量检测一数学试卷,数学,高三,刷真题,已交卷,2026/4/25 11:55,21,0,null,1
87226982,57193526,北京市朝阳区2026届高三年级第二学期质量检测一数学试卷,数学,高三,刷真题,已交卷,2026/4/25 12:03,21,4,"3,982,354,307,719,160,000,000,000,000,000,000,000,000,000,000,000,000,000,000,000,000",0.8095
87226982,57192220,北京市房山区2026届高三第一次综合练习数学试题,数学,高三,刷真题,已交卷,2026/4/25 13:58,21,2,"39,830,275,455,303,600,000,000,000,000,000",0.9048
87226982,57192220,北京市房山区2026届高三第一次综合练习数学试题,数学,高三,刷真题,已交卷,2026/4/25 14:01,21,0,null,1
87226982,57526610,北京市通州区2026届高三下学期4月模拟考试数学试卷,数学,高三,刷真题,已交卷,2026/4/25 18:44,21,0,null,1
87226985,57526610,北京市通州区2026届高三下学期4月模拟考试数学试卷,数学,高三,刷真题,未交卷仅在线练,2026/4/26 14:42,21,0,null,0
87226985,52555904,2025年高考北京卷数学真题,数学,高三,刷真题,未交卷仅在线练,2026/4/26 14:44,21,0,3775587947839488,0
87227064,52670756,2025高考北京卷语文,语文,高三,刷真题,未交卷仅在线练,2026/4/21 11:35,12,0,null,0
87227545,52670756,2025高考北京卷语文,语文,高三,刷真题,未交卷仅在线练,2026/4/22 21:37,12,0,null,0
87227545,52616875,2025年北京高考历史真题,历史,高三,刷真题,未交卷仅在线练,2026/4/22 21:38,20,0,null,0
87227652,45745848,2024年高考新课标卷物理真题,物理,高三,刷真题,未交卷仅在线练,2026/5/28 19:59,13,0,3517718725787648,0
87228029,57284788,北京市海淀区2025—2026学年第二学期期中练习高三数学,数学,高三,刷真题,已交卷,2026/4/23 17:06,21,1,3987391222677504,0.9524
87228029,57282442,北京市昌平区2026届高三年级第一次统一练习数学试卷,数学,高三,刷真题,已交卷,2026/4/23 17:31,21,0,null,1
87228029,57169858,北京市石景山区2026届高三下学期第一次统一练习数学试题,数学,高三,刷真题,已交卷,2026/4/23 17:34,21,0,null,1
87228029,57284788,北京市海淀区2025—2026学年第二学期期中练习高三数学,数学,高三,刷真题,已交卷,2026/4/23 17:40,21,0,null,1
87228029,57169858,北京市石景山区2026届高三下学期第一次统一练习数学试题,数学,高三,刷真题,已交卷,2026/4/23 17:41,21,0,null,1
87228029,57169858,北京市石景山区2026届高三下学期第一次统一练习数学试题,数学,高三,刷真题,已交卷,2026/4/24 10:52,21,0,null,1
87228029,57284788,北京市海淀区2025—2026学年第二学期期中练习高三数学,数学,高三,刷真题,已交卷,2026/4/24 12:41,21,0,null,1
87228029,57284788,北京市海淀区2025—2026学年第二学期期中练习高三数学,数学,高三,刷真题,已交卷,2026/4/24 12:54,21,0,null,1
87228029,57284788,北京市海淀区2025—2026学年第二学期期中练习高三数学,数学,高三,刷真题,已交卷,2026/4/24 12:55,21,0,null,1
87228029,57252468,北京市西城区2026届高三4月统一测试试卷数学,数学,高三,刷真题,已交卷,2026/4/24 14:32,21,0,null,1
87228029,57282442,北京市昌平区2026届高三年级第一次统一练习数学试卷,数学,高三,刷真题,已交卷,2026/4/24 14:45,21,0,null,1
87228029,57282442,北京市昌平区2026届高三年级第一次统一练习数学试卷,数学,高三,刷真题,已交卷,2026/4/24 14:58,21,0,null,1
87228029,57284788,北京市海淀区2025—2026学年第二学期期中练习高三数学,数学,高三,刷真题,已交卷,2026/4/24 17:31,21,0,null,1
87228029,57169858,北京市石景山区2026届高三下学期第一次统一练习数学试题,数学,高三,刷真题,已交卷,2026/4/29 9:29,21,0,null,1
87228029,57169858,北京市石景山区2026届高三下学期第一次统一练习数学试题,数学,高三,刷真题,已交卷,2026/4/30 13:48,21,0,null,1
87228029,57169858,北京市石景山区2026届高三下学期第一次统一练习数学试题,数学,高三,刷真题,已交卷,2026/4/30 17:08,21,0,null,1
87228029,57284788,北京市海淀区2025—2026学年第二学期期中练习高三数学,数学,高三,刷真题,已交卷,2026/5/7 7:53,21,0,null,1
87228029,57169858,北京市石景山区2026届高三下学期第一次统一练习数学试题,数学,高三,刷真题,已交卷,2026/5/7 8:38,21,0,null,1
87228029,57291696,北京市门头沟区2026届高三下学期3月综合练习数学试题,数学,高三,刷真题,已交卷,2026/5/7 8:47,21,0,null,1
87228029,57526610,北京市通州区2026届高三下学期4月模拟考试数学试卷,数学,高三,刷真题,已交卷,2026/5/7 9:10,21,1,3997541390876672,0.9524
87228029,57526610,北京市通州区2026届高三下学期4月模拟考试数学试卷,数学,高三,刷真题,已交卷,2026/5/7 9:44,21,0,null,1
87228029,57291696,北京市门头沟区2026届高三下学期3月综合练习数学试题,数学,高三,刷真题,已交卷,2026/5/7 10:24,21,0,null,1
87228029,57284788,北京市海淀区2025—2026学年第二学期期中练习高三数学,数学,高三,刷真题,已交卷,2026/5/7 10:50,21,0,null,1
87228029,52555904,2025年高考北京卷数学真题,数学,高三,刷真题,已交卷,2026/5/8 14:09,21,0,null,1
87228029,29279441,2021年北京市高考数学试题,数学,高三,刷真题,已交卷,2026/5/9 10:12,21,0,null,1
87228029,29279441,2021年北京市高考数学试题,数学,高三,刷真题,已交卷,2026/5/9 10:12,21,0,null,1
87228029,33862242,2022年新高考北京数学高考真题,数学,高三,刷真题,已交卷,2026/5/9 10:23,21,0,null,1
87228029,39620905,2023年北京高考数学真题,数学,高三,刷真题,已交卷,2026/5/9 10:37,21,0,null,1
87228029,45695265,2024年北京高考数学真题,数学,高三,刷真题,已交卷,2026/5/9 10:54,21,0,null,1
87228029,45695265,2024年北京高考数学真题,数学,高三,刷真题,已交卷,2026/5/9 14:11,21,0,null,1
87228029,52555904,2025年高考北京卷数学真题,数学,高三,刷真题,已交卷,2026/5/9 14:21,21,0,null,1
87228029,52555904,2025年高考北京卷数学真题,数学,高三,刷真题,已交卷,2026/5/9 14:35,21,0,null,1
87228029,45695265,2024年北京高考数学真题,数学,高三,刷真题,已交卷,2026/5/9 15:35,21,0,null,1
87228029,57764336,北京市昌平区2025-2026学年高三年级下学期第二次统一练习数学试卷,数学,高三,刷真题,已交卷,2026/5/11 7:45,21,0,null,1
87228029,57764336,北京市昌平区2025-2026学年高三年级下学期第二次统一练习数学试卷,数学,高三,刷真题,已交卷,2026/5/11 9:12,21,0,null,1
87228029,57764336,北京市昌平区2025-2026学年高三年级下学期第二次统一练习数学试卷,数学,高三,刷真题,已交卷,2026/5/12 6:10,21,0,null,1
87228029,57750075,北京市丰台区2025 ~2026学年度第二学期综合练习(二) 高三数学,数学,高三,刷真题,已交卷,2026/5/12 17:31,21,0,null,1
87228029,57764336,北京市昌平区2025-2026学年高三年级下学期第二次统一练习数学试卷,数学,高三,刷真题,已交卷,2026/5/14 9:08,21,0,null,1
87228029,57738270,北京市西城区2026届高三5月模拟测试试卷数学,数学,高三,刷真题,已交卷,2026/5/14 9:14,21,0,null,1
87228029,57767098,北京市房山区2025-2026学年高三年级第二次综合练习数学试题,数学,高三,刷真题,已交卷,2026/5/25 11:39,21,0,null,1
87228029,57773830,北京市东城区2025-2026学年高三一模数学试题,数学,高三,刷真题,已交卷,2026/5/26 17:10,21,0,null,1
87228029,57743743,北京市海淀区2025—2026学年第二学期期末练习高三数学试题,数学,高三,刷真题,已交卷,2026/5/26 17:18,21,0,null,1
87266504,53154190,2025高考课标卷生物,生物学,高三,刷真题,已交卷,2026/4/28 19:11,11,0,null,1
87266504,52617892,2025高考北京卷生物真题试卷,生物学,高三,刷真题,已交卷,2026/4/29 13:34,21,0,null,1
87266504,52050117,2025届北京市西城区高三二模生物试卷,生物学,高三,刷真题,已交卷,2026/5/8 19:30,21,5,"37,519,327,701,155,800,000,000,000,000,000,000,000,000,000,000,000,000,000,000,000,000,000,000,000,000,000",0.7619
87266504,52058690,2025届北京市朝阳区高三二模生物试题,生物学,高三,刷真题,已交卷,2026/5/8 19:45,21,2,"37,519,437,722,255,300,000,000,000,000,000",0.9048
87266507,52618528,2025年高考北京卷物理真题,物理,高三,刷真题,已交卷,2026/4/29 22:45,20,4,"3,778,932,104,126,460,000,000,000,000,000,000,000,000,000,000,000,000,000,000,000,000",0.8
87266507,52618528,2025年高考北京卷物理真题,物理,高三,刷真题,已交卷,2026/4/29 22:49,20,4,"3,778,932,103,749,630,000,000,000,000,000,000,000,000,000,000,000,000,000,000,000,000",0.8
87266573,57291696,北京市门头沟区2026届高三下学期3月综合练习数学试题,数学,高三,刷真题,未交卷仅在线练,2026/4/25 20:12,21,0,3983520982097920,0
87266609,57526610,北京市通州区2026届高三下学期4月模拟考试数学试卷,数学,高三,刷真题,未交卷仅在线练,2026/5/1 20:42,21,0,null,0
87266610,52555904,2025年高考北京卷数学真题,数学,高三,刷真题,未交卷仅在线练,2026/4/30 6:19,21,0,null,0
87266610,57284788,北京市海淀区2025—2026学年第二学期期中练习高三数学,数学,高三,刷真题,未交卷仅在线练,2026/4/30 6:20,21,0,null,0
87266628,52058690,2025届北京市朝阳区高三二模生物试题,生物学,高三,刷真题,未交卷仅在线练,2026/5/3 17:58,21,0,null,0
87266689,52601872,2025北京高考政治试题,政治（道法）,高三,刷真题,已交卷,2026/4/26 18:10,21,0,null,1
87266691,52618528,2025年高考北京卷物理真题,物理,高三,刷真题,已交卷,2026/5/6 20:00,20,0,null,1
87266829,57743743,北京市海淀区2025—2026学年第二学期期末练习高三数学试题,数学,高三,刷真题,未交卷仅在线练,2026/5/9 15:34,21,0,null,0
87266866,56785246,北京密云区2025-2026学年第二学期阶段练习高三数学试卷,数学,高三,刷真题,已交卷,2026/5/1 10:16,21,0,null,1
87266866,52601872,2025北京高考政治试题,政治（道法）,高三,刷真题,已交卷,2026/5/1 11:30,21,10,"3,778,223,054,675,960,000,000,000,000,000,000,000,000,000,000,000,000,000,000,000,000,000,000,000,000,000,000,000,000,000,000,000,000,000,000,000,000,000,000,000,000,000,000,000,000,000,000,000,000,000,000,000,000",0.5238
87266866,57549433,北京通州区2026届高三年级模拟考试思想政治试卷,政治（道法）,高三,刷真题,未交卷仅在线练,2026/5/1 12:14,21,0,"399,924,851,015,680,000,000,000,000,000,000,000,000,000,000,000",0
87266866,57392732,2026届北京门头沟区高三年级下学期3月综合练习政治试题,政治（道法）,高三,刷真题,未交卷仅在线练,2026/5/2 8:34,21,0,null,0
87266866,57501215,2026届北京昌平区高三下学期第一次统一练习历史试卷,历史,高三,刷真题,已交卷,2026/5/2 8:46,20,2,"39,976,679,713,013,700,000,000,000,000,000",0.9
87266866,52071159,2025届北京市朝阳区高三下学期5月二模政治试题 ,政治（道法）,高三,刷真题,未交卷仅在线练,2026/5/8 10:08,22,0,null,0
87266866,51583581,2025届北京市东城区高三下学期4月一模政治试题,政治（道法）,高三,刷真题,已交卷,2026/5/8 10:10,21,1,3732334453825536,0.9524
87266866,57307444,2026届北京西城区高三下学期4月统一测试试卷思想政治,政治（道法）,高三,刷真题,未交卷仅在线练,2026/5/8 10:11,21,0,null,0
87266866,57301877,北京东城区2025-2026学年度第二学期高三综合练习(一) 思想政治,政治（道法）,高三,刷真题,已交卷,2026/5/8 10:34,20,3,"398,926,554,151,321,000,000,000,000,000,000,000,000,000,000,000",0.85
87266980,57284788,北京市海淀区2025—2026学年第二学期期中练习高三数学,数学,高三,刷真题,已交卷,2026/4/25 23:07,21,0,null,1
87266980,57204667,北京市房山区2026年高三年级下学期第一次综合练习 化学试题,化学,高三,刷真题,已交卷,2026/4/25 23:27,19,5,"39,835,599,420,702,700,000,000,000,000,000,000,000,000,000,000,000,000,000,000,000,000,000,000,000,000,000",0.7368
87266980,52601872,2025北京高考政治试题,政治（道法）,高三,刷真题,已交卷,2026/4/25 23:46,21,6,"377,822,305,388,134,000,000,000,000,000,000,000,000,000,000,000,000,000,000,000,000,000,000,000,000,000,000,000,000,000,000,000",0.7143
87266980,57407372,2026届北京顺义区高三下学期统一测试政治试卷,政治（道法）,高三,刷真题,已交卷,2026/4/25 23:53,20,3,"399,374,696,166,195,000,000,000,000,000,000,000,000,000,000,000",0.85
87266980,57192258,北京房山区2026年高三年级第一次综合练习思想政治,政治（道法）,高三,刷真题,未交卷仅在线练,2026/4/26 6:52,20,0,null,0
87266980,57961582,北京市东城区2025-2026学年高三下学期第二次模拟考试化学试卷,化学,高三,刷真题,已交卷,2026/5/20 21:08,19,2,"40,111,218,971,688,900,000,000,000,000,000",0.8947
87267000,57526610,北京市通州区2026届高三下学期4月模拟考试数学试卷,数学,高三,刷真题,未交卷仅在线练,2026/4/24 21:21,21,0,null,0
87267013,52040203,北京市丰台区2024-2025学年高三下学期综合练习（二）数学试题,数学,高三,刷真题,已交卷,2026/4/24 22:54,21,0,null,1
87267013,45695265,2024年北京高考数学真题,数学,高三,刷真题,已交卷,2026/4/28 22:21,21,0,null,1
87267013,52617461,2025高考北京卷英语,英语,高三,刷真题,已交卷,2026/5/16 13:12,11,0,null,1
87267013,40009548,2023年北京卷英语真题,英语,高三,刷真题,已交卷,2026/5/18 6:19,11,0,null,1
87267013,52617461,2025高考北京卷英语,英语,高三,刷真题,未交卷仅在线练,2026/5/22 22:16,11,0,null,0
87267045,52303779,2025届北京市海淀区高三下学期5月期末练习（二模）政治试题,政治（道法）,高三,刷真题,未交卷仅在线练,2026/5/7 20:42,22,0,null,0
87267045,52413844,2025年北京市朝阳区中考二模物理试题,物理,九年级,刷真题,未交卷仅在线练,2026/5/7 22:13,26,0,null,0
87309367,57575845,北京市通州区2026届高三年级模拟考试物理试卷,物理,高三,刷真题,未交卷仅在线练,2026/5/2 16:44,21,0,null,0
87309367,57205070,北京市丰台区2025-2026学年第二学期综合练习（一）高三化学,化学,高三,刷真题,已交卷,2026/5/2 16:45,19,0,null,1
87309385,46051328,2024年北京卷英语真题,英语,高三,刷真题,未交卷仅在线练,2026/4/30 22:08,11,0,null,0
87309548,56279659,北京市通州区2026届高三上学期摸底考试数学试题,数学,高三,刷真题,未交卷仅在线练,2026/5/1 12:47,21,0,null,0
87309549,30231738,2021年新高考北京化学高考真题,化学,高三,刷真题,未交卷仅在线练,2026/5/24 22:31,19,0,null,0
87309737,52530263,2025高考全国一卷语文,语文,高三,刷真题,未交卷仅在线练,2026/5/6 8:59,7,0,null,0
87309750,57526610,北京市通州区2026届高三下学期4月模拟考试数学试卷,数学,高三,刷真题,未交卷仅在线练,2026/5/3 12:25,21,0,null,0
87309925,51243124,北京市清华大学附属中学2024-2025学年高三下学期3月月考历史试题,历史,高三,刷真题,已交卷,2026/4/30 18:29,20,1,3534380807479296,0.95
87309981,57182664,北京市顺义区2026届高三统一测试试卷数学试卷,数学,高三,刷真题,未交卷仅在线练,2026/5/1 13:50,21,0,null,0
87309984,52616875,2025年北京高考历史真题,历史,高三,刷真题,未交卷仅在线练,2026/5/1 11:57,20,0,null,0
87309984,57599089,2026届北京通州区高三下学期模拟考试（一模）历史试卷,历史,高三,刷真题,已交卷,2026/5/1 12:04,20,1,3999387751014400,0.95
87309984,57880201,北京市顺义区2026届下学期高三二模统一测试语文试题,语文,高三,刷真题,未交卷仅在线练,2026/5/20 22:43,12,0,null,0
87309984,58108224,2026届北京市大兴区北京大兴精华学校高三下学期考前模拟政治试题,政治（道法）,高三,刷真题,已交卷,2026/5/30 15:32,22,11,"39,892,333,180,518,400,000,000,000,000,000,000,000,000,000,000,000,000,000,000,000,000,000,000,000,000,000,000,000,000,000,000,000,000,000,000,000,000,000,000,000,000,000,000,000,000,000,000,000,000,000,000,000,000,000,000,000,000,000",0.5
87309984,58017273,2026届北京市顺义区高三统一测试政治试卷,政治（道法）,高三,刷真题,未交卷仅在线练,2026/5/30 16:21,21,0,null,0
87309984,57792444,2026届北京市石景山区高三二模考试英语试题,英语,高三,刷真题,已交卷,2026/5/30 18:29,11,1,4009798701694976,0.9091
