paper_id,question_no,qbm_id,bank_id,id
29279441,1,2528628818354176,23,10916728
29279441,2,2528628818403329,23,10916737
29279441,3,2528628818485249,23,10916748
29279441,4,2531854916206592,25,10916759
29279441,5,2531854916263937,25,10916770
29279441,6,2532139182391297,16,10916795
29279441,7,2532007054573568,14,10916819
29279441,8,2532574871109632,14,10916851
29279441,9,2532068298522624,24,10916876
29279441,10,2507709769474048,9,10916892
29279441,11,2507709769490432,9,10916895
29279441,12,2532443259207680,24,10916902
29279441,13,2530705710374913,23,10916923
29279441,14,2531984779943936,25,10916975
29279441,15,2531992568807424,25,10916984
29279441,16,2530002252537856,12,10917099
29279441,17,2532780620365825,32,10917145
29279441,18,2516602994016256,13,10917237
29279441,19,2516284466929665,13,10917248
29279441,20,2514070143991808,2,10917359
29279441,21,2531940735049728,7,10917376
30228294,1,2531940735090688,7,10917381
30228294,2,2513764876222464,2,10917410
30228294,3,2531465162727424,7,10917441
30228294,4,2531465162760192,7,10917446
30228294,5,2529748226678784,12,10917510
30228294,6,2514068730331136,2,10917609
30228294,7,2532355341754368,1,10917621
30228294,8,2524793162162177,17,10917651
30228294,9,2516481773789184,13,10917665
30228294,10,2532502670614528,7,10917672
30228294,11,2510901857804288,3,10917685
30231738,1,2510901857837056,3,10917690
30231738,2,2510901857968128,3,10917711
30231738,3,2531894043639808,25,10917747
30231738,4,2532119812775936,25,10917772
30231738,5,2524888382840832,17,10917781
30231738,6,2524785273077760,17,10917790
30231738,7,2531895482245120,18,10917794
30231738,8,2532113035591680,25,10917843
30231738,9,2532682867621889,4,10917936
30231738,10,2529682642558976,11,10917994
30231738,11,2526221322715136,10,10918006
30231738,12,2526221322903552,10,10918037
30231738,13,2526221322969088,10,10918047
30231738,14,2526221323083776,10,10918064
30231738,15,2531799245824000,23,10918175
30231738,16,2529795662454784,12,10918218
30231738,17,2524899414327297,17,10918291
30231738,18,2532177052835841,23,10918326
30231738,19,2532523418492928,14,10918403
33862242,1,2529837432184833,12,10918447
33862242,2,2529837432233984,12,10918456
33862242,3,2529837432315904,12,10918473
33862242,4,2521444705312768,4,10918511
33862242,5,2521444705370113,4,10918519
33862242,6,2521328938409984,4,10918538
33862242,7,2532015752740864,7,10918602
33862242,8,2529803398619136,11,10918666
33862242,9,2521809788690432,4,10918671
33862242,10,2521809788715008,4,10918675
33862242,11,2533127025557505,7,10918775
33862242,12,2533127025573889,7,10918777
33862242,13,2532154842128384,24,10918849
33862242,14,2524842092576768,17,10918966
33862242,15,2524842092584960,17,10918967
33862242,16,2524842092683264,17,10918976
33862242,17,2532496427638784,24,10918981
33862242,18,2532143977816064,24,10919001
33862242,19,2532531465011200,24,10919024
33862242,20,2524902172794881,17,10919109
33862242,21,2530946170781696,10,10919115
34876521,1,2517149990158336,3,10919249
34876521,2,2533175422418944,7,10919351
34876521,3,2507795810025472,9,10919360
34876521,4,2507795810140161,9,10919379
34876521,5,2514147077038080,2,10919434
34876521,6,2531915720990721,25,10919456
34876521,7,2496357938405376,5,10919511
34876521,8,2532649035595776,24,10919530
34876521,9,2530369282170880,12,10919577
34876521,10,2530369282908161,12,10919666
34876521,11,2507934275067905,9,10919778
39620905,1,2532854464905217,7,10919819
39620905,2,2514833736122368,3,10919846
39620905,3,2513504447307776,3,10919854
39620905,4,2532431255175168,8,10919871
39620905,5,2532431255199745,8,10919874
39620905,6,2531873303764992,8,10919890
39620905,7,2532658910470144,8,10919930
39620905,8,2530036792434689,11,10919963
39620905,9,2531941355069442,8,10919989
39620905,10,2530414022975488,12,10920054
39620905,11,2530414023114754,12,10920080
39620905,12,2530414023122945,12,10920082
39620905,13,2529980627632128,11,10920174
39620905,14,2531890148720641,23,10920186
39620905,15,2531953166925824,8,10920300
39620905,16,2532856678539264,1,10920315
39620905,17,2532856678547456,1,10920317
39620905,18,2532770378899456,8,10920347
39620905,19,2532770378924033,8,10920352
39620905,20,2531220426424320,23,10920428
39620905,21,2533363003342849,7,10920463
39750902,1,2530521107120129,12,10920553
39750902,2,2533230809153536,7,10920618
39750902,3,2533230809243649,7,10920631
39750902,4,2514298013581312,2,10920647
39750902,5,2532550552854528,24,10920739
39750902,6,2532630184820736,24,10920767
39750902,7,2512903730806784,3,10920810
39750902,8,2512903730814976,3,10920812
39750902,9,2281422641315841,25,10920868
39750902,10,2532604314894336,24,10920910
39750902,11,2531831219232768,23,10921012
39750902,12,2523490040266752,11,10921066
39750902,13,2532805702787072,24,10921107
39750902,14,2531379970670592,6,10921131
39750902,15,2531379970678784,6,10921132
39750902,16,2532829647192065,1,10921172
39750902,17,2532520964300800,25,10921178
39750902,18,2533274793607168,7,10921211
39750902,19,2530003999055872,11,10921227
40009548,1,2521898233413632,4,10921285
40009548,2,2521895301283840,4,10921343
40009548,3,2529825810251776,11,10921370
40009548,4,2522678063923201,4,10921446
40009548,5,2521972733681664,4,10921472
40009548,6,2531802752557056,23,10921486
40009548,7,2521993912950785,4,10921504
40009548,8,2532531063144449,25,10921523
40009548,9,2513701311397888,2,10921576
40009548,10,2532521037586432,25,10921635
40009548,11,2532521037586433,25,10921636
45135663,1,2533355433721856,23,10921716
45135663,2,2533355433730048,23,10921718
45135663,3,2530719535710210,23,10921756
45135663,4,2532426075660288,24,10921769
45135663,5,2524926636916736,17,10921811
45135663,6,2532812609748993,18,10921848
45135663,7,2533187787292672,23,10921868
45135663,8,2522252390842369,4,10921918
45135663,9,2522252390858753,4,10921921
45135663,10,2522252390940672,4,10921930
45135663,11,2522682638999552,4,10922003
45135663,12,2522711644315648,4,10922021
45135663,13,2522061738205184,4,10922151
45135663,14,2532573548314624,25,10922221
45135663,15,2532563257016320,25,10922240
45135663,16,2526256358113280,10,10922364
45135663,17,2526284703145985,10,10922418
45135663,18,2526284703170561,10,10922421
45135663,19,2507993452224512,9,10922547
45695265,1,2532651338432512,8,10922597
45695265,2,2532739541114880,14,10922697
45695265,3,2532846668455936,14,10922730
45695265,4,2525042240602112,17,10922750
45695265,5,2533165028163584,7,10922784
45695265,6,2533134110105600,14,10922819
45695265,7,2532757603131392,14,10922883
45695265,8,2532724201693185,14,10922974
45695265,9,2532724201725952,14,10922976
45695265,10,2532724201775104,14,10922982
45695265,11,2532724201791488,14,10922983
45695265,12,2532724201922560,14,10922993
45695265,13,2532831381135361,14,10923034
45695265,14,2531467870576641,12,10923079
45695265,15,2514405309038593,2,10923197
45695265,16,2529600826179584,26,10923343
45695265,17,2530946539495424,10,10923348
45695265,18,2530699994923008,12,10923370
45695265,19,2530699995004928,12,10923381
45695265,20,2530699995045889,12,10923387
45695265,21,2530699995209729,12,10923406
46005667,1,2530699995275264,12,10923413
46005667,2,2530699995291648,12,10923415
46005667,3,2530699995529217,12,10923460
46005667,4,2524966601981952,17,10923592
46005667,5,2532722581520384,18,10923658
46005667,6,2528544560070656,4,10923716
46005667,7,2531243297333248,23,10923743
46005667,8,2531243297341441,23,10923746
46005667,9,2530713398394880,12,10923780
46005667,10,2530606025097216,12,10923896
46005667,11,2530606025105408,12,10923897
46005667,12,2530606025310209,12,10923932
46005667,13,2530606025383936,12,10923943
46005667,14,2530606025424896,12,10923949
46005667,15,2532639247884288,12,10923986
46005667,16,2533891375988736,2,10924017
46005667,17,2516451912507393,13,10924040
46005667,18,2533927481540608,2,10924053
46005667,19,2516305392861184,13,10924150
46051328,1,2532488187592704,25,10924225
46051328,2,2532492536840193,25,10924251
46051328,3,2508094359961600,9,10924297
46051328,4,2532579282862080,25,10924365
46051328,5,2532579282903041,25,10924371
46051328,6,2532132854464513,12,10924480
46051328,7,2529588777443328,11,10924504
46051328,8,2533985968799744,2,10924531
46051328,9,2532663628333056,12,10924555
46051328,10,2299977983344640,17,10924705
46051328,11,2514077130850304,2,10924717
49108670,1,2532892594249728,8,10924749
49108670,2,2533156012302338,8,10924808
49108670,3,2532776985444352,14,10924868
49108670,4,2532776985460737,14,10924870
49108670,5,2530309198479360,11,10924897
49108670,6,2533192771969024,8,10924989
49108670,7,2514816710549505,2,10925031
49108670,8,2532788694687745,25,10925057
49108670,9,2533565553557505,7,10925176
49108670,10,2533174128533504,8,10925214
49108670,11,2533288288665601,12,10925255
49108670,12,2532703390539776,12,10925315
49108670,13,2520642001371136,11,10925372
49108670,14,2533185958969344,8,10925435
49108670,15,2531400931377152,12,10925514
49108670,16,2531400931467264,12,10925536
49108670,17,2496360303788032,5,10925589
49108670,18,2532513097842688,24,10925616
49108670,19,2524134936969217,6,10925631
49108670,20,2533209540714496,14,10925721
49108670,21,2532672159907840,12,10925765
49108670,22,2529954412896256,11,10925776
49108670,23,2529316697374720,15,10925858
49108670,24,2528352144441345,15,10925876
4QJRWEfVYygoV1br,1,2529716932755456,15,10925968
4QJRWEfVYygoV1br,2,2533910156689408,7,10925995
4QJRWEfVYygoV1br,3,2529260402778112,15,10926066
4QJRWEfVYygoV1br,4,2533493904834560,14,10926087
4QJRWEfVYygoV1br,5,2530590409883649,12,10926166
4QJRWEfW1UXGZqfv,1,2530590409940992,12,10926174
4QJRWEfW1UXGZqfv,2,2533547399921665,24,10926227
4QJRWEfW1UXGZqfv,3,2518318516518912,13,10926243
4QJRWEfW1UXGZqfv,4,2516247478607872,13,10926258
4QJRWEfW1UXGZqfw,1,2533312489668609,14,10926293
4QJRWEfW1UXGZqfw,2,2529732561362944,11,10926299
4QJRWEfW1UXGZqfw,3,2533132341149697,24,10926339
4QJRWEfW1UXGZqfw,4,2533555092226048,32,10926363
4QJRWEfX8zNJw6Pv,1,2514801195982848,2,10926373
4QJRWEfX8zNJw6Pv,2,2525548268797952,17,10926442
4QJRWEfX8zNJw6Pv,3,2532790020513792,24,10926476
4QJRWEfX8zNJw6Pv,4,2532850279907329,24,10926502
4QJRWEfX8zNJw6Pv,5,2530384724959232,11,10926549
4QJRWEfX8zNJw6Pv,6,2530349177241600,11,10926569
4QJRWEfX8zNJw6Pv,7,2530293182341120,1,10926582
4QJRWEfX8zNJw6Pv,8,2533326119526400,12,10926615
4QJRWEfX8zNJw6Pv,9,2517111067566081,13,10926706
4QJRWEfX8zNJw6Pv,10,2530360884527104,11,10926719
4QJRWEfZYbcbSQwN,1,2533224454660096,32,10926748
4QJRWEfZYbcbSQwN,2,2514390547644416,2,10926784
4QJRWEfZYbcbSQwN,3,2514390547742720,2,10926792
4QJRWEfZYbcbSQwN,4,2517783192215552,13,10926830
4QJRWEfZYbcbSQwN,5,2530705923424256,15,10926836
4QJRWEfZcQIv80V4,1,2529629270597632,15,10926961
4QJRWEfZcQIv80V4,2,2533145370812418,10,10926967
4QJRWEfZcQIv80V4,3,2533145370820609,10,10926969
4QJRWEfZcQIv80V4,4,2532616761057281,25,10926980
4QJRWEfZcQIv80V4,5,2514315096637440,2,10927037
4QJRWEfZcQIv80V4,6,2532792281333760,25,10927040
4QJRWEg0wdaiPol3,1,2532792281399296,25,10927052
4QJRWEg0wdaiPol3,2,2529786394116096,15,10927098
4QJRWEg0wdaiPol3,3,2530723607429120,15,10927137
4QJRWEg0wdaiPol3,4,2530692093468672,11,10927159
4QJRWEg0wdaiPol3,5,2530680515543040,11,10927305
4QJRWEgazoLY6kDf,1,2531008317661184,15,10927457
4QJRWEgazoLY6kDf,2,2528967970422785,23,10927561
4QJRWEgazoLY6kDf,3,2533564443197441,7,10927599
4QJRWEgazoLY6kDf,4,2531029383438337,15,10927621
4QJRWEgazoLY6kDf,5,2531015993278464,15,10927641
4QJRWEgazpYYKfKh,1,2526845465370627,17,10927671
4QJRWEgazpYYKfKh,2,2518388190396416,13,10927693
4QJRWEgazpYYKfKh,3,2529594763862016,11,10927769
4QJRWEgazpYYKfKh,4,,11,10927826
4QJRWEgazpYYKfKh,5,,2,10985724
4QJRWEgazpntqibL,1,2533862506020865,24,10927850
4QJRWEgazpntqibL,2,2518751594708993,3,10927892
4QJRWEgazpntqibL,3,2518751594807296,3,10927906
4QJRWEgazpntqibL,4,2518751594897409,3,10927921
4QJRWEgazpntqibL,5,2524139137474560,6,10927959
4QJRWMr66Q1H1hlv,1,2508771156811777,9,10927981
4QJRWMr66Q1H1hlv,2,2515408965074944,2,10928218
4QJRWMr66Q1H1hlv,3,2532667756552192,14,10928235
4QJRWMr66Q1H1hlv,4,2530759555514369,15,10928291
4QJRWMr66Q1H1hlv,5,2530759555612672,15,10928306
4QJRWMr66Q1H1hlv,6,2534224480419843,23,10928358
4QJRWMr66Q1H1hlv,7,2496440315961345,5,10928386
4QJRWMr66Q1H1hlv,8,2533339102609409,8,10928420
4QJRWMr66Q1H1hlv,9,2528554165493760,4,10928488
4QJRWMr66Q1H1hlv,10,2533300562370560,8,10928531
4QJRWMr66Q1H1hlw,1,2533320376205312,8,10928574
4QJRWMr66Q1H1hlw,2,2533558740566016,7,10928634
4QJRWMr66Q1H1hlw,3,2533211240636417,8,10928644
4QJRWMr66Q1H1hlw,4,2532713570312192,12,10928699
4QJRWMr66Q1H1hlw,5,2532714853498880,12,10928715
4QJRWMr66Q1H1hlw,6,2530081764491264,11,10928743
4QJRWMr66Q1H1hlw,7,2525740877651968,17,10928770
4QJRWMr66Q1H1hlw,8,2525745177944064,17,10928788
4QJRWMr66Q1H1hlw,9,2533233418731520,8,10928808
4QJRWMr66Q1H1hlw,10,2513725147537409,2,10928827
4QJRWMr6qRVQYnh7,1,2515030477848576,2,10928874
4QJRWMr6qRVQYnh7,2,2498118010421249,17,10928920
4QJRWMr6qRVQYnh7,3,2525750269730816,17,10929027
4QJRWMr6qRVQYnh7,4,2525750269747201,17,10929032
4QJRWMr6qRVQYnh7,5,2520647547887616,13,10929051
4QJRWMr6qRVQYnh7,6,2530492807643136,11,10929107
4QJRWMr6qRVQYnh7,7,2532590479048704,25,10929122
4QJRWMr6qRVQYnh7,8,2530344575787009,1,10929271
4QJRWMr6qRVQYnh7,9,2520615188807680,3,10929350
51243124,1,2509099333066752,9,10929393
51243124,2,2533319123345409,23,10929454
51243124,3,2534022172098561,8,10929464
51243124,4,2532801814618112,25,10929497
51243124,5,2533894905462785,12,10929561
51243124,6,2534266309795840,1,10929627
51243124,7,2534266309820416,1,10929631
51243124,8,2533530605789184,8,10929637
51243124,9,2498014938587136,17,10929687
51243124,10,2531041700683776,10,10929692
51243124,11,2533479834304512,16,10929838
51243124,12,2515754404208640,2,10929889
51243124,13,2533805137461249,7,10929963
51243124,14,2530771935338497,15,10930014
51243124,15,2515750015901696,2,10930049
51243124,16,2519781689008129,3,10930116
51243124,17,2531036773482496,15,10930174
51243124,18,2534024031690752,14,10930265
51243124,19,2520772090519552,13,10930400
51243124,20,2531069326589952,15,10930472
51583581,1,2534649283911680,4,10930516
51583581,2,2531061470478336,15,10930578
51583581,3,2529752115281920,26,10930605
51583581,4,2534150844997632,7,10930673
51583581,5,2531041037639680,15,10930740
51583581,6,2527223520075776,17,10930810
51583581,7,2530368335077376,11,10930832
51583581,8,2531253053448192,23,10930849
51583581,9,2529693176381440,26,10930891
51583581,10,2527219157229568,17,10930988
51583581,11,2532114400198656,16,10931068
51583581,12,2527093347475456,17,10931106
51583581,13,2533546772062209,12,10931169
51583581,14,2533827892183040,8,10931184
51583581,15,2526286890229760,10,10931230
51583581,16,2533577892306944,24,10931241
51583581,17,2521559729160193,13,10931288
51583581,18,2534053101486081,7,10931341
51583581,19,2533362694676480,23,10931367
51583581,20,2531288402313218,23,10931396
51583581,21,2521879477895168,3,10931431
51677362,1,2521879477903361,3,10931435
51677362,2,2520064117555201,3,10931480
51677362,3,2530549068922880,1,10931492
51677362,4,2534076661719041,16,10931502
51677362,5,2530450461777921,1,10931509
51677362,6,2533377313570816,14,10931541
51677362,7,2534784047841280,11,10931626
51677362,8,2534583223320577,7,10931653
51677362,9,2534583223345153,7,10931657
51677362,10,2516111898411008,2,10931685
51677362,11,2531306274291713,23,10931802
51677362,12,2534808450523136,11,10931870
51677362,13,2515762606178305,2,10931881
51677362,14,2533892243808256,14,10931940
51677362,15,2534187535876096,14,10931952
51677362,16,2515909605687296,2,10931971
51677362,17,2534187860049920,14,10932022
51677362,18,2515381896781824,2,10932050
51677362,19,2533213446242304,25,10932110
51782098,1,2526851689668608,10,10932112
51782098,2,2526851689701376,10,10932114
51782098,3,2533280145309696,23,10932150
51782098,4,2515770804559873,2,10932159
51782098,5,2531125680152576,15,10932180
51782098,6,2531125680185345,15,10932183
51782098,7,2521927538778112,3,10932237
51782098,8,2531106596159489,15,10932265
51782098,9,2534236874227712,7,10932280
51782098,10,2534236874260480,7,10932282
51782098,11,2531271759388672,13,10932356
51782098,12,2533241651855360,23,10932364
51782098,13,2533241651904512,23,10932370
51782098,14,2515074532286464,2,10932374
51782098,15,2534025506111488,12,10932396
51782098,16,2527642380460032,17,10932413
51782098,17,2526869065359361,10,10932484
51782098,18,2533313827004416,25,10932683
51782098,19,2530444079661056,1,10932725
51782098,20,2534204544647168,1,10932737
51782098,21,2527010399870976,10,10932754
52040203,1,2533911638376448,12,10932774
52040203,2,2508565741101056,9,10932868
52040203,3,2531117654335488,11,10932892
52040203,4,2530768906190848,11,10932916
52040203,5,2533936397869056,24,10932956
52040203,6,2533352987009024,14,10932977
52040203,7,2534817805680640,11,10932991
52040203,8,2508783991439360,9,10933011
52040203,9,2508783991472128,9,10933017
52040203,10,2534592263446528,1,10933045
52040203,11,2533970107940864,12,10933119
52040203,12,2531383571775489,16,10933155
52040203,13,2526886682673152,10,10933158
52040203,14,2527010440085504,10,10933163
52040203,15,2534835842908160,11,10933287
52040203,16,2534835843055616,11,10933301
52040203,17,2534643016056832,7,10933324
52040203,18,2515809400152064,2,10933337
52040203,19,2516963842498560,2,10933417
52040203,20,2531395096887296,16,10933431
52040203,21,2516969337733120,2,10933462
52050117,1,2534839931551744,11,10933493
52050117,2,2530952070406144,11,10933500
52050117,3,2533940812668928,8,10933532
52050117,4,2534285780336640,23,10933585
52050117,5,2531468903325697,16,10933630
52050117,6,2531369399746560,16,10933704
52050117,7,2534276262019072,7,10933724
52050117,8,2497942498304000,5,10933805
52050117,9,2517007040798720,2,10933811
52050117,10,2530985740255232,11,10933862
52050117,11,2513753267945472,13,10933875
52050117,12,2505145408864256,3,10933910
52050117,13,2533397019377664,14,10933980
52050117,14,2527504589365248,17,10933982
52050117,15,2527504589479936,17,10934002
52050117,16,2527504589496321,17,10934006
52050117,17,2527504589512704,17,10934008
52050117,18,2531472788602880,16,10934082
52050117,19,2531472788766720,16,10934103
52050117,20,2516140136849409,2,10934127
52050117,21,2516954634928129,2,10934148
52053211,1,2534077209747456,18,10934184
52053211,2,2534126468988928,18,10934221
52053211,3,2527902078189569,17,10934257
52053211,4,2515782526672897,2,10934320
52053211,5,2534108944384000,18,10934348
52053211,6,2509536578568192,9,10934395
52053211,7,2534133109637120,18,10934429
52053211,8,2534133109669889,18,10934433
52053211,9,2530754038669313,23,10934445
52053211,10,2534952577548289,16,10934454
52053211,11,2534827493253120,11,10934533
52053211,12,2530714954399745,23,10934551
52053211,13,2527005764427776,10,10934600
52053211,14,2531180850528256,2,10934612
52053211,15,2515758460796928,2,10934748
52053211,16,2534081458257920,18,10934759
52053211,17,2534907554226176,14,10934809
52053211,18,2517047456489472,2,10934873
52053211,19,2533909764988929,25,10934943
52053211,20,2515850102693889,2,10934971
52053211,21,2516099782795264,2,10935041
52053211,22,2527026070306816,10,10935085
52058690,1,2531056503078913,23,10935095
52058690,2,2531056503136256,23,10935103
52058690,3,2521535039184897,16,10935150
52058690,4,2521535039307776,16,10935169
52058690,5,2534990644928512,7,10935268
52058690,6,2534990644953089,7,10935274
52058690,7,2534990644977664,7,10935278
52058690,8,2533936781000704,24,10935292
52058690,9,2533991487660032,8,10935326
52058690,10,2533991487684608,8,10935329
52058690,11,2533991487717377,8,10935332
52058690,12,2521479013859329,16,10935357
52058690,13,2521519519080449,16,10935398
52058690,14,2502337536933888,17,10935410
52058690,15,2521816084758528,3,10935434
52058690,16,2521816084873217,3,10935445
52058690,17,2517077051351040,2,10935496
52058690,18,2529587272712192,11,10935571
52058690,19,2515382190145536,2,10935666
52058690,20,2516396139175938,13,10935708
52058690,21,2516173090136064,2,10935786
52071159,1,2526340489355264,10,10935914
52071159,2,2526340489371648,10,10935917
52071159,3,2530545987280896,23,10936052
52071159,4,2518659346202624,13,10936087
52071159,5,2518633493790720,13,10936133
52071159,6,2531200208273408,7,10936142
52071159,7,2534922642751489,8,10936191
52071159,8,2534922642882561,8,10936215
52071159,9,2533383153917953,25,10936277
52071159,10,2534087301341184,25,10936286
52071159,11,2531928871124992,7,10936336
52071159,12,2509110451675136,9,10936397
52071159,13,2521171141771264,17,10936489
52071159,14,2509047848845312,2,10936569
52071159,15,2508554798891008,2,10936619
52071159,16,2526276868898816,23,10936640
52071159,17,2525766277054464,10,10936654
52071159,18,2525730648932352,10,10936658
52071159,19,2526772189413376,1,10936712
52071159,20,2525460347437057,23,10936744
52071159,21,2496636336037888,13,10936781
52071159,22,2526432298262528,2,10936807
52081353,1,2525748137705473,10,10936863
52081353,2,2498681249349632,17,10936888
52081353,3,2516126398431232,5,10936928
52081353,4,2516126398464000,5,10936930
52081353,5,2527674439180288,7,10937007
52081353,6,2527674439188480,7,10937009
52081353,7,2527674439196672,7,10937011
52081353,8,2531452551806976,15,10937056
52081353,9,2510040948178945,9,10937098
52081353,10,2527541370421249,18,10937134
52081353,11,2527524605255680,8,10937150
52081353,12,2526101642149888,23,10937160
52081353,13,2493594204995584,5,10937209
52081353,14,2526962004230144,23,10937214
52081353,15,2526962004238336,23,10937215
52081353,16,2527810748121089,32,10937240
52081353,17,2527919045525505,32,10937358
52081353,18,2527502153703425,8,10937395
52081353,19,2503012619116545,17,10937516
52081353,20,2531176205934592,15,10937632
52142717,1,2527453292142592,24,10937691
52142717,2,2527013680226304,12,10937726
52142717,3,2524372956651520,14,10937767
52142717,4,2524372956676096,14,10937769
52142717,5,2522571120123904,10,10937786
52142717,6,2523936121159680,7,10937807
52142717,7,2524406349676544,14,10937834
52142717,8,2524000422600704,11,10937859
52142717,9,2531170846384130,15,10937882
52142717,10,2447694127529984,14,10937944
52142717,11,2522635181424640,12,10937969
52142717,12,2521082568638464,10,10937997
52142717,13,2523215077072897,10,10938001
52142717,14,2510699612397569,27,10938041
52142717,15,2510572088025089,27,10938093
52142717,16,2510586355466240,27,10938102
52142717,17,2510586355515392,27,10938105
52142717,18,2513069881016321,31,10938158
52142717,19,2521261943488513,32,10938213
52142717,20,2521261943504897,32,10938215
52142717,21,2522166029975552,3,10938264
52142717,22,2522166030082048,3,10938284
52171754,1,2522166030131200,3,10938297
52171754,2,2496424395784192,4,10938303
52171754,3,2496424395841536,4,10938307
52171754,4,2496424395931648,4,10938319
52171754,5,2520728227217408,24,10938370
52171754,6,2521306602717184,3,10938430
52171754,7,2488048101482496,5,10938471
52171754,8,2488048101539840,5,10938480
52171754,9,2531205436456960,15,10938538
52171754,10,2531784758992897,15,10938626
52171754,11,2529871860899840,26,10938660
52171754,12,2534962587402240,16,10938669
52171754,13,2516965046362112,2,10938699
52171754,14,2526953388441600,3,10938737
52171754,15,2526953388449792,3,10938738
52171754,16,2516312487952384,2,10938822
52171754,17,2532132050632704,1,10938866
52171754,18,2505272901689345,25,10938916
52171754,19,2504550635225088,25,10938962
52171754,20,2531187307175936,23,10938992
52171754,21,2534657133453313,23,10939060
52171754,22,2529840718708736,26,10939119
52278976,1,2526074077323264,2,10939191
52278976,2,2530995658391552,11,10939300
52278976,3,2516088613650432,2,10939361
52278976,4,2516368300605440,2,10939490
52278976,5,2531173719154688,15,10939628
52278976,6,2533899398938624,25,10939632
52278976,7,2530457733373953,23,10939723
52278976,8,2521516020670465,16,10939740
52278976,9,2505720499200000,3,10939851
52278976,10,2534928063315968,14,10939935
52278976,11,2534928063332352,14,10939937
52278976,12,2534928063348736,14,10939939
52278976,13,2535352995643392,3,10939956
52278976,14,2505689466929152,3,10940031
52278976,15,2534793522700291,6,10940117
52278976,16,2518995278667776,13,10940187
52278976,17,2518995278790656,13,10940200
52278976,18,2533245679542273,12,10940214
52278976,19,2531372797026304,11,10940216
52303779,1,2533245679681536,12,10940237
52303779,2,2533245679919104,12,10940275
52303779,3,2534956550938625,14,10940317
52303779,4,2531328071270400,15,10940358
52303779,5,2531328071319552,15,10940367
52303779,6,2531191398899712,15,10940425
52303779,7,2531191398998017,15,10940431
52303779,8,2518682294853632,13,10940464
52303779,9,2531885660438528,15,10940521
52303779,10,2505971417538561,3,10940690
52303779,11,2531448665595905,16,10940748
52303779,12,2521951761817600,16,10940828
52303779,13,2521951761825793,16,10940830
52303779,14,2534808349696000,6,10940854
52303779,15,2530463718195201,1,10940873
52303779,16,2534743694467072,11,10940903
52303779,17,2535507591438336,2,10940910
52303779,18,2535482102251520,2,10940913
52303779,19,2517548059762688,2,10941055
52303779,20,2534880702996480,14,10941074
52303779,21,2535389340696578,7,10941109
52303779,22,,14,10941136
52413844,1,,14,10941159
52413844,2,2510062806900736,9,10941209
52413844,3,2535558169952256,18,10941244
52413844,4,2531388142075904,16,10941258
52413844,5,2531701071519745,16,10941466
52413844,6,2535461893799937,12,10941529
52413844,7,2510067919536129,9,10941537
52413844,8,2530583762747392,17,10941551
52413844,9,2530690781405185,16,10941758
52413844,10,2503708187426816,17,10941785
52413844,11,2496468793073664,5,10941802
52413844,12,2503702645268480,17,10941839
52413844,13,2534853495635968,6,10942053
52413844,14,2503643760205825,17,10942075
52413844,15,2534619644641280,16,10942094
52413844,16,2507091542761472,3,10942102
52413844,17,2509308567650304,9,10942133
52413844,18,2531254605291520,11,10942135
52413844,19,2531254605660160,11,10942148
52413844,20,2531258342572032,11,10942262
52413844,21,2505195633115136,3,10942416
52413844,22,2534868297801728,8,10942549
52413844,23,2534868297842689,8,10942553
52413844,24,2534868297900032,8,10942561
52413844,25,2530060390408192,11,10942585
52413844,26,2535447017160705,12,10942614
52530263,1,2529352429969408,11,10942742
52530263,2,2535354998784000,7,10942883
52530263,3,,11,10942947
52530263,4,,0,10985724
52530263,5,2534818142453760,18,10943025
52530263,6,2496521174663168,5,10943085
52530263,7,2496511393808384,5,10943116
52555904,1,2534614452518913,12,10943166
52555904,2,2533899250868225,24,10943179
52555904,3,2534631775305728,24,10943203
52555904,4,2522232277590016,16,10943220
52555904,5,2496737958731776,5,10943258
52555904,6,2496737958789120,5,10943268
52555904,7,2517005139763200,2,10943285
52555904,8,2517093711519744,2,10943352
52555904,9,2517644426059776,2,10943414
52555904,10,2534022166577152,24,10943446
52555904,11,2535551498969088,7,10943480
52555904,12,2533912900526081,24,10943491
52555904,13,2527612720119808,10,10943560
52555904,14,2535408746233857,17,10943584
52555904,15,2500869725478912,17,10943628
52555904,16,2517137996333056,2,10943648
52555904,17,2535508318289921,7,10943656
52555904,18,2535508318314496,7,10943661
52555904,19,2535508318355456,7,10943666
52555904,20,2531096565096449,10,10943716
52555904,21,2535684796416001,7,10943779
52601499,1,2535684796465152,7,10943787
52601499,2,2519731482304512,13,10943815
52601499,3,2530640511991809,17,10943901
52601499,4,2531831964942338,15,10943994
52601499,5,2519669108342784,13,10944008
52601499,6,2534902598049792,8,10944041
52601499,7,2534902598098944,8,10944055
52601499,8,2534207911575552,25,10944065
52601499,9,2533471841558529,23,10944156
52601499,10,2515842018877440,13,10944177
52601499,11,2515878043312129,13,10944279
52601499,12,2535991147020289,13,10944364
52601499,13,2515142829678592,2,10944390
52601499,14,2515142829703169,2,10944394
52601499,15,2496672075276288,5,10944415
52601499,16,2504382970888193,17,10944462
52601499,17,2504382971101185,17,10944478
52601499,18,2535495278174208,12,10944491
52601499,19,2535714468315136,7,10944524
52601872,1,2533367810990080,12,10944631
52601872,2,2527157522096128,11,10944704
52601872,3,2535532564594688,14,10944718
52601872,4,2489697470898177,3,10944762
52601872,5,2489697471029249,3,10944786
52601872,6,2489697471111169,3,10944807
52601872,7,2536187992965121,14,10944840
52601872,8,2532138637262848,1,10944847
52601872,9,2535469236346880,14,10945011
52601872,10,2535352893464576,12,10945044
52601872,11,2535352893612032,12,10945056
52601872,12,2535515152269312,7,10945063
52601872,13,2506495819587584,3,10945087
52601872,14,2535401832808449,17,10945140
52601872,15,2536271884107776,2,10945180
52601872,16,2536187820228608,12,10945203
52601872,17,2496787007070208,5,10945288
52601872,18,2496787007086592,5,10945291
52601872,19,2535463491059712,8,10945319
52601872,20,2506197224800256,3,10945363
52601872,21,2531096394801152,2,10945420
52616875,1,2497111915126784,5,10945468
52616875,2,2529299240026112,4,10945600
52616875,3,2523689325297665,31,10945665
52616875,4,2531434553032704,11,10945677
52616875,5,2531455625469952,11,10945711
52616875,6,2531677412810752,16,10945759
52616875,7,2517819843862528,2,10945791
52616875,8,2517819843919872,2,10945797
52616875,9,2517303048429568,2,10945897
52616875,10,2536018698895360,18,10945907
52616875,11,2536012805169152,7,10945920
52616875,12,2503026572746753,3,10946073
52616875,13,2503026572853248,3,10946091
52616875,14,2529144035090432,4,10946246
52616875,15,2529279815958528,4,10946275
52616875,16,2534917992448000,6,10946292
52616875,17,2535682436448256,12,10946319
52616875,18,2535682436464641,12,10946324
52616875,19,2534184927404034,25,10946357
52616875,20,2503107528859648,3,10946471
52616985,1,2529126849642496,4,10946498
52616985,2,2529209447743488,4,10946551
52616985,3,2529170291761152,4,10946565
52616985,4,2534122285531136,25,10946640
52616985,5,2534204004179968,25,10946670
52616985,6,2529067749924865,4,10946694
52616985,7,2530789076779008,4,10946701
52616985,8,2496552545968128,5,10946756
52616985,9,2536152629141506,6,10946774
52616985,10,2510581444141057,9,10946785
52616985,11,2474007281541120,3,10946821
52616985,12,2535712619282434,7,10946845
52616985,13,2502377541828608,3,10946889
52617461,1,2534801386283008,24,10946895
52617461,2,2505250186076160,17,10946963
52617461,3,2535477124530176,2,10947023
52617461,4,2531670462521344,16,10947045
52617461,5,2531704680775681,16,10947058
52617461,6,2529657668648961,16,10947078
52617461,7,2535670675456000,14,10947142
52617461,8,2517981631848449,2,10947230
52617461,9,2517981631856640,2,10947231
52617461,10,2517804385230848,2,10947345
52617461,11,2517291647107072,2,10947365
52617892,1,2517291647213568,2,10947367
52617892,2,2534221203267584,25,10947543
52617892,3,2519967077269504,13,10947672
52617892,4,2529907035561984,26,10947706
52617892,5,2514304754925568,9,10947712
52617892,6,2536308531666944,2,10947732
52617892,7,2536162138710016,6,10947747
52617892,8,2536208144621568,32,10947772
52617892,9,2535375936937984,18,10947924
52617892,10,2536104455626753,7,10948055
52617892,11,2496797723492352,5,10948084
52617892,12,2514847455543296,9,10948132
52617892,13,2535640136515585,1,10948187
52617892,14,2502407079739394,3,10948257
52617892,15,2534690322071552,24,10948286
52617892,16,2531275224899584,16,10948396
52617892,17,2531275224932352,16,10948402
52617892,18,2534810380124160,24,10948412
52617892,19,2534703217999872,24,10948446
52617892,20,2531247748980736,4,10948494
52617892,21,2536255446130688,9,10948514
52618528,1,2536255446147072,9,10948518
52618528,2,2536255446163456,9,10948521
52618528,3,2536255446171648,9,10948522
52618528,4,2536366907252736,13,10948526
52618528,5,2536078224637953,7,10948610
52618528,6,2536067078119425,7,10948656
52618528,7,2535574111862785,8,10948706
52618528,8,2535574111870976,8,10948707
52618528,9,2535520197771264,8,10948726
52618528,10,2535565423353857,8,10948761
52618528,11,2535565423476736,8,10948778
52618528,12,2533484634382337,23,10948796
52618528,13,2531222692995072,4,10948853
52618528,14,2530407769153536,4,10948866
52618528,15,2529974434045952,4,10948890
52618528,16,2529974434095104,4,10948893
52618528,17,2536136688967680,12,10948912
52618528,18,2536216691556352,9,10948931
52618528,19,2536216691564545,9,10948933
52618528,20,2535529909018625,8,10948969
52622049,1,2531858504450048,11,10949094
52622049,2,2536214260629504,32,10949124
52622049,3,2533516464799745,23,10949170
52622049,4,2535580271181824,14,10949289
52622049,5,2531455810437120,11,10949335
52622049,6,2531455810691072,11,10949346
52622049,7,2531455810732032,11,10949348
52622049,8,2536204577005569,7,10949381
52622049,9,2536330534125568,2,10949399
52622049,10,2520084400766976,13,10949423
52622049,11,2520084400971776,13,10949433
52622049,12,2517916617498624,2,10949455
52622049,13,2517640672526337,2,10949488
52622049,14,2533527274741760,23,10949606
52622049,15,2533527274799104,23,10949612
52622049,16,2527877709389824,17,10949659
52622049,17,2527877709422593,17,10949667
52622049,18,2527877709488128,17,10949681
52622049,19,2535296122109952,18,10949697
52647150,1,2536113385119744,7,10949728
52647150,2,2536113385168896,7,10949739
52647150,3,2536113385193472,7,10949745
52647150,4,2517785526616064,2,10949794
52647150,5,2517811019235329,2,10949805
52647150,6,2535564421259264,14,10949827
52647150,7,2519975596466176,13,10949874
52647150,8,2536143125200896,15,10949891
52647150,9,2535688145412096,12,10949935
52647150,10,2534900956119042,24,10949946
52647150,11,2535314152677376,18,10949951
52647150,12,2531717814517760,16,10949979
52647150,13,2520095582773249,13,10950024
52647150,14,2520095582789632,13,10950026
52647150,15,2532076077932544,11,10950053
52647150,16,2509399181385728,17,10950140
52647150,17,2522197346893824,3,10950268
52647150,18,2501679630958593,3,10950300
52647150,19,2475283497033728,29,10950422
52647150,20,2475283497205760,29,10950455
52670756,1,2475283497222145,29,10950457
52670756,2,2514283806441472,9,10950523
52670756,3,2509276032679936,17,10950639
52670756,4,2536006492602368,8,10950673
52670756,5,2535620696776704,32,10950739
52670756,6,2536229567324160,32,10950760
52670756,7,2531907904995329,15,10950775
52670756,8,2531907905249280,15,10950811
52670756,9,2503473637785600,3,10950836
52670756,10,2519082010288128,2,10950902
52670756,11,2534951893786625,25,10951001
52670756,12,2518001230716929,2,10951035
53154190,1,2529966595309568,26,10951079
53154190,2,2536029276438528,24,10951185
53154190,3,2536029276463104,24,10951190
53154190,4,2536137707315200,24,10951282
53154190,5,2514298303315968,9,10951316
53154190,6,2506523649957888,17,10951331
53154190,7,2536736867909632,11,10951396
53154190,8,2514928297164801,9,10951467
53154190,9,2531374614724608,8,10951545
53154190,10,2531473537277952,4,10951588
53154190,11,2531823508275200,4,10951624
54327230,1,2531997971816448,5,10951655
54327230,2,2531837975306240,4,10951731
54327230,3,2532084389986304,5,10951790
54327230,4,2531789821263872,8,10951799
54327230,5,2532417473601536,7,10951936
54327230,6,2532424385617920,7,10951944
54327230,7,2532211395256320,5,10951978
54327230,8,2531912800026624,8,10952072
54327230,9,2536206259560448,24,10952180
54327230,10,2531795474776064,8,10952199
54327230,11,2532623792619520,5,10952250
54327230,12,2532623792652288,5,10952255
54337294,1,2532623792693248,5,10952260
54337294,2,2532497524736000,8,10952265
54337294,3,2532618504208384,5,10952284
54337294,4,2532644021600256,5,10952295
54337294,5,2532607562539008,5,10952357
54337294,6,2532607562563584,5,10952359
54337294,7,2532579517530112,5,10952371
54337294,8,2536322409775104,24,10952415
54337294,9,2532156906094592,5,10952472
54337294,10,2532689089003521,7,10952522
54337294,11,2532784110313473,8,10952569
54337294,12,2532670741995520,5,10952588
54337294,13,2532860888973312,1,10952604
54337294,14,2532811461132288,1,10952620
54337294,15,2532518173638656,5,10952636
54337294,16,2532792896692225,3,10952696
54337294,17,2532827075264512,5,10952837
54337294,18,2532934830497792,5,10952919
54337294,19,2533138067005441,5,10952938
54337294,20,2533154963333120,5,10953004
54337294,21,2533170195120128,5,10953027
54593313,1,2532927719718912,5,10953095
54593313,2,2533272170692608,5,10953156
54593313,3,2533325176315904,5,10953198
54593313,4,2533325176365056,5,10953204
54593313,5,2531242388185088,10,10953218
54593313,6,2533342120615937,5,10953247
54593313,7,2533367310434304,5,10953308
54593313,8,2533368838807552,5,10953352
54593313,9,2533368839086080,5,10953369
54593313,10,2533374427332608,5,10953373
54593313,11,2533175783276545,3,10953392
56279659,1,2533175783292929,3,10953396
56279659,2,2533175783718913,3,10953469
56279659,3,2533175783981056,3,10953514
56279659,4,2533175784005632,3,10953519
56279659,5,2533175784169473,3,10953549
56279659,6,2533175784226817,3,10953559
56279659,7,2533175784398848,3,10953588
56279659,8,2533175784644608,3,10953623
56279659,9,2533385333743616,5,10953700
56279659,10,2533298682724352,3,10953706
56279659,11,2533298682732544,3,10953707
56279659,12,2533298682757121,3,10953711
56279659,13,2533365447663616,5,10953714
56279659,14,2533291987091456,3,10953752
56279659,15,2533291987247104,3,10953772
56279659,16,2532849254137856,3,10953797
56279659,17,2533397913821184,5,10953829
56279659,18,2532682454089728,5,10953840
56279659,19,2533298826838016,3,10953920
56279659,20,2533383962673152,5,10953986
56279659,21,2533339600855041,3,10954058
56785246,1,2532162347114496,11,10954154
56785246,2,2302852263141376,5,10954165
56785246,3,2533423864463361,1,10954170
56785246,4,2533395563347968,3,10954229
56785246,5,2532784219127808,2,10954286
56785246,6,2533533281304576,5,10954332
56785246,7,2533533281312770,5,10954336
56785246,8,2533544581201921,5,10954361
56785246,9,2533421380395008,5,10954398
56785246,10,2533421380444160,5,10954404
56785246,11,2533511856406528,5,10954415
56785246,12,2533511856488448,5,10954426
56785246,13,2533534330920960,5,10954436
56785246,14,2533605613666304,5,10954475
56785246,15,2533826686754816,2,10954649
56785246,16,2533832427872256,2,10954714
56785246,17,2533832139898880,2,10954717
56785246,18,2533848439611392,2,10954733
56785246,19,2533851711717376,2,10954745
56785246,20,2533876235190272,2,10954863
56785246,21,2533989216190464,5,10954998
56888415,1,2533988754317312,7,10955096
56888415,2,2534025797746688,5,10955219
56888415,3,2533885365411841,8,10955229
56888415,4,2534034487508992,5,10955238
56888415,5,2534040487116800,5,10955267
56888415,6,2534216844664833,1,10955287
56888415,7,2534216844820481,1,10955313
56888415,8,2533882096861184,2,10955357
56888415,9,2534011561107456,5,10955370
56888415,10,2534011561230336,5,10955381
56888415,11,2533890860769280,2,10955443
56888415,12,2534043275558912,5,10955537
56888415,13,2533909217509376,2,10955565
56888415,14,2533974389694464,5,10955571
56888415,15,2533899272503296,2,10955596
56888415,16,2534105044246528,5,10955629
56888415,17,2520530261581824,13,10955771
56888415,18,2533900383035392,2,10955814
56888415,19,2533898809212928,2,10955876
56888415,20,2534286217093120,1,10955936
56888415,21,2533891267149824,2,10955950
56946626,1,2533891267166209,2,10955953
56946626,2,2534138447077376,5,10956042
56946626,3,2534022945488896,2,10956072
56946626,4,2534022945497088,2,10956073
56946626,5,2534135406010368,1,10956095
56946626,6,2534006006022144,2,10956154
56946626,7,2533997695320064,2,10956174
56946626,8,2534161258225664,5,10956198
56946626,9,2534138229579776,2,10956239
56946626,10,2534194826035200,5,10956284
56946626,11,2534008047255552,2,10956370
56946626,12,2534665784123392,1,10956406
56946626,13,2534620713050112,8,10956425
56946626,14,2534163788464129,7,10956449
56946626,15,2534163788513280,7,10956457
56946626,16,2534163788529664,7,10956461
56946626,17,2534323248513024,5,10956606
56946626,18,2534345958318080,5,10956689
56946626,19,2509980755812352,17,10956699
56946626,20,2534590990065664,5,10956717
56946626,21,2534658581946368,8,10956744
57067322,1,2534658581979136,8,10956748
57067322,2,2534677070815232,5,10956818
57067322,3,2507243953709056,17,10956921
57067322,4,2518484960829440,17,10957001
57067322,5,2534318778056704,5,10957025
57067322,6,2508038626066433,17,10957032
57067322,7,2522601617276929,17,10957051
57067322,8,2536422813130752,15,10957105
57067322,9,2468420194148352,3,10957151
57067322,10,2534127396192256,7,10957197
57067322,11,2534127396233217,7,10957211
57067322,12,2534127396298752,7,10957228
57067322,13,2536910213939200,24,10957247
57067322,14,2536727793180672,12,10957337
57067322,15,2534789252702208,5,10957343
57067322,16,2534832011935744,5,10957440
57067322,17,2533360676831232,3,10957463
57067322,18,2533360676937729,3,10957488
57067322,19,2533360676978690,3,10957499
57067322,20,2533591271514112,3,10957515
57103148,1,2533591271571456,3,10957522
57103148,2,2534650707869696,8,10957543
57103148,3,2534650707927040,8,10957551
57103148,4,2534044932284416,3,10957583
57103148,5,2534044932308992,3,10957586
57103148,6,2534000091168768,2,10957712
57103148,7,2534986052108288,1,10957729
57103148,8,2534549365587968,7,10957760
57103148,9,2534979941179392,25,10957827
57103148,10,2534552442986496,7,10957868
57103148,11,2535089468620800,1,10957948
57103148,12,2535231126355968,5,10957968
57103148,13,2534544705921024,7,10957991
57103148,14,2534800400728064,2,10957994
57103148,15,2534800400801792,2,10958000
57103148,16,2534800401088512,2,10958011
57103148,17,2531809066819584,4,10958084
57103148,18,2531817888161792,4,10958101
57103148,19,2531820472229888,4,10958104
57165035,1,2531868792610816,4,10958134
57165035,2,2531868792627200,4,10958137
57165035,3,2531869862592512,4,10958167
57165035,4,2534987278008320,8,10958260
57165035,5,2532606235475968,4,10958330
57165035,6,2532606235557888,4,10958338
57165035,7,2535255852425216,7,10958411
57165035,8,2506337208721408,25,10958418
57165035,9,2532554097713152,4,10958461
57165035,10,2532554097721344,4,10958465
57165035,11,2532548330749952,4,10958588
57169858,1,2504942973370368,3,10958694
57169858,2,2535681130618880,3,10958725
57169858,3,2533101634453504,13,10958855
57169858,4,2532677632901120,4,10958895
57169858,5,2532668983926784,4,10958917
57169858,6,2532824275263488,4,10958943
57169858,7,2535773181124608,12,10958984
57169858,8,2535773181124609,12,10958986
57169858,9,2535773181198336,12,10959005
57169858,10,2535773181231104,12,10959014
57169858,11,2532857124765696,4,10959028
57169858,12,2532857124798464,4,10959032
57169858,13,2533132884590593,4,10959040
57169858,14,2533146803544064,4,10959136
57169858,15,2533157392146433,4,10959186
57169858,16,2534957484711937,8,10959198
57169858,17,2535700301774848,1,10959204
57169858,18,2535668938997760,1,10959238
57169858,19,2535691489042432,1,10959256
57169858,20,2533168349741056,4,10959270
57169858,21,2532810854465537,4,10959278
57192220,1,2532798218240000,4,10959298
57192220,2,2532790678052865,4,10959307
57192220,3,2532790678102016,4,10959313
57192220,4,2536651381039104,14,10959349
57192220,5,2533180165013505,4,10959372
57192220,6,2533180165070848,4,10959383
57192220,7,2536098795560961,3,10959432
57192220,8,2536098795585537,3,10959437
57192220,9,2533195512422400,4,10959455
57192220,10,2536436841209857,7,10959539
57192220,11,2536109609811969,3,10959620
57192220,12,2535419457945600,25,10959626
57192220,13,2536109610008577,3,10959670
57192220,14,2536284406210560,3,10959766
57192220,15,2533949408206848,4,10959852
57192220,16,2536399772000257,12,10959866
57192220,17,2536070113705984,8,10959879
57192220,18,2536311983226880,3,10959988
57192220,19,2536334167580672,3,10960031
57192220,20,2536334167654400,3,10960056
57192220,21,2536334167744513,3,10960083
57192258,1,2536334167810049,3,10960102
57192258,2,2536334167842817,3,10960116
57192258,3,2536334167949313,3,10960164
57192258,4,2536265346310144,7,10960206
57192258,5,2536265346318336,7,10960208
57192258,6,2536274306441216,7,10960290
57192258,7,2517781087141888,2,10960354
57192258,8,2536209732616192,3,10960393
57192258,9,2536209732812800,3,10960431
57192258,10,2531414599729152,23,10960513
57192258,11,2536339563364352,3,10960629
57192258,12,2536278704996352,1,10960663
57192258,13,2536816117932033,5,10960755
57192258,14,2535416751226880,25,10960846
57192258,15,2536213257289728,8,10960892
57192258,16,2536206654865408,8,10960968
57192258,17,2536752413335553,7,10961082
57192258,18,2536270109483008,1,10961095
57192258,19,2536647336337408,8,10961225
57192258,20,2536668824666112,2,10961234
57193526,1,2536292598136832,8,10961328
57193526,2,2536473371541504,2,10961389
57193526,3,2536473371803648,2,10961397
57193526,4,2536483898728448,2,10961500
57193526,5,2534083287539712,4,10961521
57193526,6,2536345937780736,8,10961540
57193526,7,2536440082137088,2,10961577
57193526,8,2526868895850497,10,10961689
57193526,9,2526868895858689,10,10961693
57193526,10,2533521848639488,4,10961709
57193526,11,2536766515871744,3,10961735
57193526,12,2536766515896320,3,10961738
57193526,13,2534007276699648,4,10961777
57193526,14,2536892182700032,3,10961796
57193526,15,2536892182896640,3,10961826
57193526,16,2536892182896641,3,10961827
57193526,17,2536892183126017,3,10961872
57193526,18,2535253899476993,7,10961890
57193526,19,2529966135099392,26,10961971
57193526,20,2520636162818048,13,10962021
57193526,21,2534116920221696,4,10962041
57204667,1,2536800140804096,2,10962051
57204667,2,2536836512448512,2,10962078
57204667,3,2536841132580865,2,10962101
57204667,4,2536788998168576,2,10962648
57204667,5,2536936135876608,7,10962653
57204667,6,2536932937629696,7,10962681
57204667,7,2536692294320129,7,10962692
57204667,8,2536918806380544,3,10962702
57204667,9,2536918806528001,3,10962748
57204667,10,2533140350369792,15,10962813
57204667,11,2535952466345984,18,10962822
57204667,12,2528137606152193,15,10962870
57204667,13,2528137606176768,15,10962874
57204667,14,2536217599623168,14,10962886
57204667,15,2533829555093504,4,10962909
57204667,16,2536769816141824,23,10962977
57204667,17,2527571083550721,10,10963027
57204667,18,2525633655398401,9,10963077
57204667,19,2509756597043200,9,10963140
57205070,1,2511204653195265,17,10963157
57205070,2,2520690205630464,2,10963163
57205070,3,2522228236017664,2,10963173
57205070,4,2522228236124160,2,10963184
57205070,5,2536961339727872,1,10963265
57205070,6,2536961339899904,1,10963289
57205070,7,2536306227298304,14,10963327
57205070,8,2508046290386944,17,10963403
57205070,9,2527682130190336,5,10963445
57205070,10,2536697713737728,12,10963466
57205070,11,2536903572701185,7,10963485
57205070,12,2536302332837888,1,10963560
57205070,13,2508020450828289,17,10963672
57205070,14,2536996736073728,2,10963728
57205070,15,2537085322272768,2,10963764
57205070,16,2531331479494656,4,10963788
57205070,17,2536945270530048,3,10963850
57205070,18,2536754606047232,8,10963915
57205070,19,2536754606080000,8,10963921
57252468,1,2535679322431489,3,10963979
57252468,2,2535679322447872,3,10963981
57252468,3,2535679322497025,3,10963990
57252468,4,2536762144227328,8,10964017
57252468,5,2532446495891456,11,10964051
57252468,6,2536766365114368,8,10964087
57252468,7,2531384970493952,4,10964123
57252468,8,2532623905955840,11,10964198
57252468,9,2533079182434304,15,10964281
57252468,10,2510703505047554,17,10964306
57252468,11,2532848196943873,15,10964311
57252468,12,2529090139996161,17,10964343
57252468,13,2503563033239552,3,10964358
57252468,14,2503563033280512,3,10964362
57252468,15,2537027446980608,2,10964431
57252468,16,2537026500222976,2,10964456
57252468,17,2535694169792512,1,10964500
57252468,18,2537005585145856,3,10964603
57252468,19,2536061566337024,1,10964615
57252468,20,2536061566377984,1,10964620
57252468,21,2536061566402560,1,10964623
57256005,1,2532713946963968,15,10964638
57256005,2,2196630173581312,26,10964649
57256005,3,2537023019991040,2,10964657
57256005,4,2515201602084864,9,10964673
57256005,5,2533102945853441,15,10964760
57256005,6,2510696940748800,17,10964784
57256005,7,2536838927507456,8,10964811
57256005,8,2536838927532032,8,10964818
57256005,9,2533117938262016,15,10964849
57256005,10,2533117938270208,15,10964851
57256005,11,2537078369058817,16,10964875
57256005,12,2536835710967808,8,10964928
57256005,13,2537108756807680,16,10964950
57256005,14,2537001565306880,3,10965028
57256005,15,2537001565634561,3,10965102
57256005,16,2536966673408000,3,10965132
57256005,17,2536966673760256,3,10965182
57256005,18,2537024294944769,3,10965208
57256005,19,2520718952742912,2,10965307
57256005,20,2536891373568000,12,10965327
57282442,1,2510177560387585,17,10965426
57282442,2,2536717545521152,2,10965440
57282442,3,2536726396911616,2,10965451
57282442,4,2503567515303936,3,10965576
57282442,5,2503567515336705,3,10965583
57282442,6,2534792153751552,25,10965678
57282442,7,2520561740406784,13,10965741
57282442,8,2537107535290368,13,10965849
57282442,9,2536937392644096,2,10965855
57282442,10,2537044990976000,3,10965870
57282442,11,2534979830972416,24,10965886
57282442,12,2531283078029312,16,10966042
57282442,13,2510089001648129,17,10966054
57282442,14,2510089001730049,17,10966065
57282442,15,2536636190646272,3,10966179
57282442,16,2537367845945345,7,10966196
57282442,17,2536387073114112,3,10966280
57282442,18,2537117730234368,13,10966306
57282442,19,2531480906457089,4,10966341
57282442,20,2537074036285440,2,10966392
57282442,21,2531883928010752,4,10966427
57284788,1,2531883928018944,4,10966428
57284788,2,2531946172211200,4,10966445
57284788,3,2536705602027520,14,10966457
57284788,4,2515834158915584,13,10966482
57284788,5,2515834158989312,13,10966488
57284788,6,2520513975164928,13,10966509
57284788,7,2537442551177216,7,10966564
57284788,8,2530064750059520,12,10966575
57284788,9,2530064750206976,12,10966590
57284788,10,2530064750215168,12,10966591
57284788,11,2537053876256770,17,10966609
57284788,12,2520779479146497,13,10966621
57284788,13,2531891523149824,4,10966660
57284788,14,2509283043057665,17,10966710
57284788,15,2531964833996800,11,10966749
57284788,16,2537036680536064,14,10966775
57284788,17,2537036680667136,14,10966794
57284788,18,2535728591863808,3,10966813
57284788,19,2535728591970304,3,10966836
57284788,20,2535757190840320,3,10966877
57284788,21,2535757190930432,3,10966889
57289602,1,2536018235195393,3,10966916
57289602,2,2534580879048704,4,10966949
57289602,3,2536420507508736,2,10967003
57289602,4,2536057344237568,3,10967022
57289602,5,2531468606570496,4,10967082
57289602,6,2536416260603904,2,10967105
57289602,7,2536416260833280,2,10967117
57289602,8,2531783599251456,4,10967121
57289602,9,2531783599292416,4,10967123
57289602,10,2536882833948673,14,10967148
57289602,11,2532123991826433,4,10967161
57291696,1,2537125867323392,16,10967206
57291696,2,2537052921421824,14,10967220
57291696,3,2533149441253376,15,10967240
57291696,4,2533149441351681,15,10967253
57291696,5,2536132795908096,3,10967312
57291696,6,2537373812359170,7,10967357
57291696,7,2536420975386625,2,10967392
57291696,8,2536171348082688,3,10967421
57291696,9,2536171348090880,3,10967422
57291696,10,2536171348164608,3,10967433
57291696,11,2536959311749120,3,10967486
57291696,12,2534181993127937,4,10967535
57291696,13,2536791700201472,2,10967596
57291696,14,2536747626610688,2,10967648
57291696,15,2536421644402688,2,10967667
57291696,16,2536421644517376,2,10967674
57291696,17,2537028138450945,15,10967734
57291696,18,2536727259414528,12,10967769
57291696,19,2533388187287552,4,10967787
57291696,20,2536700304531456,5,10967808
57291696,21,2505587822395392,3,10967830
57301877,1,2532576061923328,4,10967857
57301877,2,2536963609444353,12,10967871
57301877,3,2497284655587328,5,10967887
57301877,4,2537393851449344,7,10967946
57301877,5,2536277712723968,12,10967949
57301877,6,2536277712797697,12,10967961
57301877,7,2534592186753024,23,10967987
57301877,8,2537059968032768,3,10968049
57301877,9,2536696133148673,2,10968054
57301877,10,2536886103613440,3,10968121
57301877,11,2537090479964160,3,10968136
57301877,12,2537090480128000,3,10968156
57301877,13,2532792302182400,11,10968170
57301877,14,2515556835622912,9,10968226
57301877,15,2537447061905408,7,10968311
57301877,16,2537447061954561,7,10968319
57301877,17,2536426226982913,23,10968386
57301877,18,2536974979276800,1,10968477
57301877,19,2536974979399680,1,10968504
57301877,20,2537073866833920,1,10968561
57307444,1,2537073867014144,1,10968593
57307444,2,2537066194345985,7,10968620
57307444,3,2520503895326720,13,10968685
57307444,4,2534938840145920,23,10968705
57307444,5,2536866964529152,23,10968824
57307444,6,2511568649961472,17,10968842
57307444,7,2536734621532161,23,10968901
57307444,8,2537557891891201,7,10969005
57307444,9,2534205549314048,23,10969027
57307444,10,2513559823269888,17,10969063
57307444,11,2535443078692864,25,10969098
57307444,12,2532629703696384,11,10969128
57307444,13,2537593496420353,15,10969150
57307444,14,2520745304948736,2,10969184
57307444,15,2536919160094720,12,10969247
57307444,16,2537516263096321,3,10969309
57307444,17,2537516263604225,3,10969379
57307444,18,2537516263669760,3,10969390
57307444,19,2537516263710721,3,10969397
57307444,20,2537516263817217,3,10969417
57307444,21,2534256482484224,4,10969422
57310781,1,2537564223488000,3,10969443
57310781,2,2536409260777472,2,10969532
57310781,3,2536410486153216,2,10969556
57310781,4,2537492249731072,7,10969570
57310781,5,2536832709574656,14,10969716
57310781,6,2537137846673408,14,10969749
57310781,7,2533913092210688,11,10969752
57310781,8,2534262514622465,23,10969784
57310781,9,2514115512901632,17,10969794
57310781,10,2534058169581568,11,10969831
57310781,11,2533424375971840,11,10969880
57310781,12,2534122161004545,4,10969913
57310781,13,2536058487971840,25,10969961
57310781,14,2536058487980032,25,10969963
57310781,15,2536990452465664,14,10969983
57310781,16,2514935674281984,9,10969997
57310781,17,2514935674388480,9,10970008
57310781,18,2514991515271170,9,10970015
57310781,19,2512567888101376,17,10970057
57310781,20,2513533939703809,17,10970071
57310781,21,2533401648381952,11,10970134
57310781,22,2537484631924736,13,10970173
57318362,1,2537701632286721,8,10970284
57318362,2,2536397684924416,2,10970296
57318362,3,2536926459461633,12,10970311
57318362,4,2536091141144577,25,10970334
57318362,5,2537589199855616,3,10970356
57318362,6,2537578823540736,3,10970439
57318362,7,2536103468023809,25,10970555
57318362,8,2537653705187328,3,10970592
57318362,9,2537452588728320,14,10970623
57318362,10,2537657344770048,14,10970636
57318362,11,2511975089315840,3,10970647
57318362,12,2533996434833408,11,10970679
57318362,13,2515551271518209,9,10970687
57318362,14,2536024374493184,25,10970697
57318362,15,2537549159194624,14,10970738
57318362,16,2535472902225920,24,10970746
57318362,17,2536008388837376,25,10970767
57318362,18,2536008388878337,25,10970775
57318362,19,2536008388902912,25,10970780
57318362,20,2536998392717312,12,10970782
57361731,1,2537751945232384,8,10970829
57361731,2,2537112706236417,3,10970866
57361731,3,2537632979279872,3,10970905
57361731,4,2537632979312640,3,10970908
57361731,5,2537763359539200,8,10970931
57361731,6,2537611129495553,3,10970965
57361731,7,2534814293123072,4,10970997
57361731,8,2537734945800192,3,10971000
57361731,9,2534309009047552,23,10971022
57361731,10,2514907789393921,9,10971056
57361731,11,2514907789418497,9,10971061
57361731,12,2537486994563072,2,10971160
57361731,13,2536036577206272,23,10971187
57361731,14,2536038431817728,25,10971198
57361731,15,2537748076994560,3,10971355
57361731,16,2537748077166593,3,10971388
57361731,17,2534541383319552,4,10971441
57361731,18,2534265378037760,4,10971448
57361731,19,2534265378078721,4,10971458
57368453,1,2527666975531008,10,10971474
57368453,2,2536212144660481,1,10971509
57368453,3,2536212144685056,1,10971512
57368453,4,2518362991026176,17,10971533
57368453,5,2520736704733185,2,10971566
57368453,6,2520736704937984,2,10971576
57368453,7,2518340580876289,17,10971664
57368453,8,2537724389801984,14,10971691
57368453,9,2534093988667392,4,10971704
57368453,10,2521116825411584,2,10971752
57368453,11,2537739397799937,16,10971768
57368453,12,2537771206107136,3,10971786
57368453,13,2537771206172672,3,10971794
57368453,14,2537771206221824,3,10971799
57368453,15,2537771206303744,3,10971810
57368453,16,2537771206311936,3,10971811
57368453,17,2537771206336512,3,10971814
57368453,18,2537582537007104,14,10971907
57368453,19,2537612349423616,17,10971940
57368453,20,2536834185674752,1,10971988
57368453,21,2537072062775296,12,10972017
57377702,1,2534301802815488,4,10972027
57377702,2,2534301802881025,4,10972037
57377702,3,2497331943096320,5,10972055
57377702,4,2515724487598080,9,10972138
57377702,5,2520718824382464,13,10972141
57377702,6,2520723741483008,13,10972151
57377702,7,2537076707942400,10,10972159
57377702,8,2536194784952320,3,10972168
57377702,9,2536194785067008,3,10972183
57377702,10,2537631748308992,3,10972200
57377702,11,2477465638936576,29,10972313
57377702,12,2531932861603840,11,10972349
57377702,13,2536255941386240,25,10972482
57377702,14,2512211127812096,17,10972496
57377702,15,2529974527074304,26,10972607
57377702,16,2533350137331712,11,10972671
57377702,17,2533415836508160,11,10972676
57377702,18,2534709430706176,4,10972680
57377702,19,2534794553589760,4,10972718
57392732,1,2534731611799553,4,10972747
57392732,2,2534731611807745,4,10972749
57392732,3,2512405257207809,3,10972781
57392732,4,2534847458500608,4,10972815
57392732,5,2530226770968576,10,10972872
57392732,6,2537030629556224,12,10972946
57392732,7,2537579720294400,7,10973018
57392732,8,2534554349289473,4,10973037
57392732,9,2534554349338624,4,10973042
57392732,10,2534554349379584,4,10973044
57392732,11,2537603280732161,7,10973136
57392732,12,2533384182210560,11,10973144
57392732,13,2537544607645696,8,10973162
57392732,14,2534568323588097,4,10973208
57392732,15,2534847247917056,4,10973218
57392732,16,2533952622731264,4,10973315
57392732,17,2535536616374272,24,10973324
57392732,18,2537782542262273,3,10973360
57392732,19,2533344999268352,11,10973367
57392732,20,2536941491314688,25,10973389
57392732,21,2536941491355648,25,10973396
57407372,1,2537437772103681,14,10973452
57407372,2,2537776626573313,8,10973553
57407372,3,2537776626597888,8,10973558
57407372,4,2538056002289664,8,10973573
57407372,5,2534247145635840,4,10973725
57407372,6,2533590945742848,11,10973755
57407372,7,2534970392977408,4,10973794
57407372,8,2537791375220737,3,10973813
57407372,9,2537791375294465,3,10973831
57407372,10,2528957826170880,11,10974037
57407372,11,2534236556738560,4,10974049
57407372,12,2529903468208128,23,10974071
57407372,13,2529903468232704,23,10974075
57407372,14,2534314714546176,4,10974103
57407372,15,2534250409279488,4,10974151
57407372,16,2520759011540992,2,10974178
57407372,17,2534975234236416,4,10974208
57407372,18,2534980484325376,4,10974223
57407372,19,2534293618401281,4,10974232
57407372,20,2537562881581056,13,10974243
57501215,1,2533894949814273,4,10974294
57501215,2,2537424959733761,14,10974312
57501215,3,2534592950231040,4,10974384
57501215,4,2529933365919744,23,10974433
57501215,5,2534684372123649,4,10974438
57501215,6,2536998048677889,15,10974458
57501215,7,2536998048686080,15,10974459
57501215,8,2521126608003072,2,10974471
57501215,9,2511577421373440,3,10974499
57501215,10,2537419230560256,14,10974515
57501215,11,2537778771918848,3,10974558
57501215,12,2537778772148224,3,10974585
57501215,13,2538094111531008,3,10974598
57501215,14,2532856058396672,11,10974691
57501215,15,2532868775092224,11,10974712
57501215,16,2533264649207808,11,10974793
57501215,17,2536989183197184,25,10974814
57501215,18,2538045768818688,7,10974848
57501215,19,2534733356474368,4,10974943
57501215,20,2534733356482560,4,10974944
57526610,1,2534789010358272,4,10974998
57526610,2,2538093022789632,3,10975024
57526610,3,2538136957616129,3,10975038
57526610,4,2538136957640705,3,10975044
57526610,5,2538136957706241,3,10975060
57526610,6,2538136957870080,3,10975094
57526610,7,2534264227528704,4,10975204
57526610,8,2512237877010433,3,10975251
57526610,9,2497377891205121,5,10975264
57526610,10,2497377891213312,5,10975265
57526610,11,2516348109684737,17,10975274
57526610,12,2518362991001600,17,10975287
57526610,13,2518362991017985,17,10975291
57526610,14,2522559054626816,17,10975310
57526610,15,2522559054659585,17,10975315
57526610,16,2514157730283520,17,10975319
57526610,17,2537419018452992,16,10975356
57526610,18,2520732704555009,13,10975370
57526610,19,2537397482577921,16,10975463
57526610,20,2497315208986625,5,10975482
57526610,21,2497315209076736,5,10975495
57549433,1,2534695342481408,4,10975535
57549433,2,2534695342522368,4,10975540
57549433,3,2536791026049025,23,10975585
57549433,4,2537738048446464,14,10975708
57549433,5,2537738048593920,14,10975714
57549433,6,2529913706315776,23,10975840
57549433,7,2537437939277824,16,10975900
57549433,8,2533129008750592,11,10975910
57549433,9,2537509575262208,15,10975940
57549433,10,2534078943166464,11,10975946
57549433,11,2537079481073665,8,10975993
57549433,12,2537079481155584,8,10976009
57549433,13,2537092880351232,8,10976090
57549433,14,2512257669668865,3,10976188
57549433,15,2536219879686145,32,10976287
57549433,16,2536418718408704,32,10976318
57549433,17,2537136922910720,12,10976353
57549433,18,2537757858578432,17,10976354
57549433,19,2538314228539392,8,10976415
57549433,20,2535059644055553,4,10976424
57549433,21,2534101034582016,11,10976452
57575845,1,2537744512991233,16,10976494
57575845,2,2536357549481984,24,10976512
57575845,3,2536357549539329,24,10976521
57575845,4,2537453400170496,14,10976540
57575845,5,2537453400236032,14,10976542
57575845,6,2537477755904000,18,10976600
57575845,7,2516195775496192,17,10976619
57575845,8,2516195775520769,17,10976622
57575845,9,2516168875515905,17,10976630
57575845,10,2534616569798656,4,10976684
57575845,11,2535236595105792,6,10976709
57575845,12,2535236595187713,6,10976720
57575845,13,2538163319816192,14,10976728
57575845,14,2535040793780224,4,10976764
57575845,15,2535040793788416,4,10976765
57575845,16,2535040793788417,4,10976766
57575845,17,2534025984319488,4,10976833
57575845,18,2537654245670912,13,10976853
57575845,19,2537632101490688,7,10976931
57575845,20,2537602351824898,8,10976953
57575845,21,2537132258975744,12,10977067
57599089,1,2537132259024896,12,10977075
57599089,2,2536298067542016,25,10977138
57599089,3,2537795581140992,16,10977149
57599089,4,2537698040045568,14,10977167
57599089,5,2537702386778112,14,10977178
57599089,6,2535318797549568,4,10977182
57599089,7,2537702386843648,14,10977192
57599089,8,2535008032776192,4,10977216
57599089,9,2535318596911104,4,10977255
57599089,10,2534116233338880,4,10977317
57599089,11,2537665023614976,13,10977408
57599089,12,2520812949397504,13,10977465
57599089,13,2520812949438464,13,10977469
57599089,14,2537647863111680,7,10977620
57599089,15,2537729985150976,7,10977636
57599089,16,2538380686802944,5,10977661
57599089,17,2537647779446785,7,10977698
57599089,18,2537610246914048,7,10977709
57599089,19,2537610246938624,7,10977714
57599089,20,2537599042551808,7,10977749
57617884,1,2535292699820032,4,10977829
57617884,2,2537378183168000,24,10977943
57617884,3,2532865719336960,11,10977975
57617884,4,2532865719508992,11,10977980
57617884,5,2520735269715968,2,10978021
57617884,6,2537446016270336,12,10978056
57617884,7,2537636217847808,7,10978091
57617884,8,2537472351059969,24,10978123
57617884,9,2536436554694656,15,10978134
57617884,10,2537766939320320,14,10978137
57617884,11,2533085939924992,10,10978313
57738270,1,2534984831246336,4,10978335
57738270,2,2535306633084928,4,10978344
57738270,3,2535306633248768,4,10978362
57738270,4,2535329512742912,4,10978384
57738270,5,2521123019980800,2,10978441
57738270,6,2515885159563264,9,10978497
57738270,7,2521109171265536,2,10978543
57738270,8,2533807842336768,11,10978595
57738270,9,2534017862795264,11,10978601
57738270,10,2536378549895168,24,10978642
57738270,11,2538283499741185,8,10978717
57738270,12,2520112244391936,17,10978735
57738270,13,2537754475814912,15,10978758
57738270,14,2534948076019712,4,10978912
57738270,15,2535392907231232,4,10978917
57738270,16,2535388230664192,4,10979098
57738270,17,2537757398728704,8,10979219
57738270,18,2537780012376065,8,10979267
57738270,19,2538080813441024,15,10979287
57738270,20,2538080813457408,15,10979289
57738270,21,2537780890935296,14,10979336
57743743,1,2537049741991936,25,10979355
57743743,2,2537049741991937,25,10979356
57743743,3,2537058536636416,25,10979379
57743743,4,2534932363689984,4,10979454
57743743,5,2524204650176512,2,10979477
57743743,6,2534917376688128,4,10979515
57743743,7,2534917376720896,4,10979520
57743743,8,2534858526326784,4,10979527
57743743,9,2534858526375936,4,10979532
57743743,10,2534858526384128,4,10979533
57743743,11,2538127865389056,3,10979550
57743743,12,2538198578446336,7,10979595
57743743,13,2533093120778240,11,10979690
57743743,14,2534651162697728,11,10979706
57743743,15,2537775318343681,7,10979722
57743743,16,2521137615634432,2,10979751
57743743,17,2501514682392576,25,10979813
57743743,18,2501514682531840,25,10979830
57743743,19,2520477919764481,17,10979841
57743743,20,2520454933766144,17,10979845
57743743,21,2521133585235968,2,10979940
57756764,1,2537790176165889,7,10979961
57756764,2,2537790176174080,7,10979962
57756764,3,2516443037073408,9,10979995
57756764,4,2520811664801792,2,10980003
57756764,5,2538304452583424,3,10980168
57756764,6,2538333914300417,3,10980250
57756764,7,2538333914398721,3,10980291
57756764,8,2538134450954241,15,10980381
57756764,9,2537804530548736,8,10980393
57756764,10,2537786600751104,1,10980428
57756764,11,2537786600767488,1,10980430
57756764,12,2537822200176640,15,10980445
57756764,13,2533163057520642,15,10980477
57756764,14,2537810308726786,8,10980497
57756764,15,2497441022386176,5,10980523
57756764,16,2537783003308033,8,10980541
57756764,17,2537118435680256,25,10980557
57756764,18,2521389679525889,17,10980568
57756764,19,2538162112610305,7,10980593
57756764,20,2534643714465792,11,10980601
57756764,21,2533161447202816,15,10980653
57792444,1,2533347413262336,15,10980671
57792444,2,2533347413319680,15,10980672
57792444,3,2520740366508032,2,10980683
57792444,4,2538302302691328,3,10980737
57792444,5,2538296011882496,3,10980746
57792444,6,2538296012152832,3,10980785
57792444,7,2533184879124480,15,10980843
57792444,8,2521179096129536,2,10980877
57792444,9,2533330101714945,15,10980915
57792444,10,2533343951241216,15,10980929
57792444,11,2534570700374016,11,10980940
57820948,1,2537798712377344,14,10980944
57820948,2,2535493576294401,4,10981069
57820948,3,2534924099993600,4,10981192
57820948,4,2534924100042752,4,10981199
57820948,5,2521189537366016,2,10981233
57820948,6,2537464125333505,12,10981264
57820948,7,2537503112478720,12,10981276
57820948,8,2537503112527872,12,10981287
57820948,9,2521493425537024,17,10981306
57820948,10,2537458843181056,12,10981315
57820948,11,2537458843295744,12,10981327
57820948,12,2537458843303936,12,10981329
57820948,13,2533380532051969,15,10981403
57820948,14,2534005418082304,11,10981411
57820948,15,2537497955229696,25,10981455
57820948,16,2537520951640064,12,10981491
57820948,17,2524824669618176,17,10981586
57820948,18,2516430772666368,9,10981621
57820948,19,2538388027629569,3,10981679
57820948,20,2538388027695104,3,10981693
57820948,21,2538388027957249,3,10981753
57820948,22,2538388027981825,3,10981758
57880201,1,2538388028088320,3,10981780
57880201,2,2538388028170240,3,10981797
57880201,3,2520690205884416,2,10981834
57880201,4,2538141867278337,14,10981923
57880201,5,2535343587573760,23,10981955
57880201,6,2516384379813888,9,10981995
57880201,7,2538209692385281,7,10982062
57880201,8,2534901385814016,11,10982102
57880201,9,2532618430201856,11,10982196
57880201,10,2532618430373888,11,10982207
57880201,11,2537587315679233,12,10982268
57880201,12,2538348435062784,16,10982290
57961582,1,2538153172631552,12,10982323
57961582,2,2536742959423488,13,10982395
57961582,3,2533185582415872,15,10982584
57961582,4,2533309460848640,15,10982685
57961582,5,2533483065778176,15,10982765
57961582,6,2521232610541568,2,10982814
57961582,7,2521320621400064,2,10982825
57961582,8,2525684304125952,17,10982844
57961582,9,2523343748997121,17,10982914
57961582,10,2535621108506624,4,10982947
57961582,11,2538241405665281,7,10983042
57961582,12,2538443285250048,4,10983047
57961582,13,2535528162795521,23,10983189
57961582,14,2529994947207168,26,10983231
57961582,15,2529994954711040,26,10983246
57961582,16,2537787334991873,32,10983357
57961582,17,2536018570493952,4,10983453
57961582,18,2534197621194752,11,10983487
57961582,19,2534969388400640,10,10983503
58017273,1,2535446103842816,4,10983508
58017273,2,2512860634873857,3,10983579
58017273,3,2533402999226368,15,10983590
58017273,4,2533402999300097,15,10983598
58017273,5,2533402999373824,15,10983606
58017273,6,2533402999382016,15,10983607
58017273,7,2537419065901056,12,10983658
58017273,8,2537413044355072,12,10983662
58017273,9,2537413044396032,12,10983670
58017273,10,2516834163335168,9,10983697
58017273,11,2531940994940928,23,10983720
58017273,12,2516995306348544,3,10983742
58017273,13,2518348778635264,3,10983861
58017273,14,2518348778651648,3,10983864
58017273,15,2518348778668033,3,10983869
58017273,16,2518348778684416,3,10983872
58017273,17,2518348778708993,3,10983878
58017273,18,2519387864219648,3,10983891
58017273,19,2535399572676608,4,10983939
58017273,20,2520823094583297,3,10983969
58017273,21,2536967433723904,23,10984043
58108224,1,2536990964948992,23,10984123
58108224,2,2518365952974848,3,10984131
58108224,3,2518365953089537,3,10984157
58108224,4,2537746513616896,12,10984174
58108224,5,2536772277215233,24,10984211
58108224,6,2535242396205056,13,10984226
58108224,7,2537754425597952,8,10984265
58108224,8,2538231377526784,3,10984319
58108224,9,2538231377747968,3,10984352
58108224,10,2538283499446273,3,10984389
58108224,11,2521429035302912,13,10984520
58108224,12,2521429035368448,13,10984524
58108224,13,2538443992129536,3,10984546
58108224,14,2538443992145920,3,10984548
58108224,15,2538443992301569,3,10984573
58108224,16,2538222051770369,7,10984601
58108224,17,2538222051860480,7,10984618
58108224,18,2520569097101312,17,10984655
58108224,19,2537027550552064,25,10984718
58108224,20,2537027550593025,25,10984724
58108224,21,2521504228556800,3,10984780
58108224,22,2538088885755904,24,10984826
HChMkIgzL4HNTpIE0RCV,1,2536779922685952,24,10984833
HChMkIgzL4HNTpIE0RCV,2,2536667691565056,24,10984838
HChMkIgzL4HNTpIE0RCV,3,2537620281753600,12,10984856
HChMkIgzL4HNTpIE0RCV,4,2536386986532864,24,10984861
HChMkIgzL4HNTpIE0RCV,5,2538145281990656,24,10984912
HChMkIgzL4HNYpriQGFb,1,2538165001543680,24,10984924
HChMkIgzL4HNYpriQGFb,2,2521253244108800,2,10984944
HChMkIgzL4HNYpriQGFb,3,2537046656172033,25,10984962
HChMkIgzL4HNYpriQGFb,4,2537108315881472,25,10985108
HChMkIgzL4HNYpriQGFb,5,2537108315881473,25,10985109
HChMkIi5r8qg61pOeqIx,1,2517037187072000,9,10985185
HChMkIi5r8qg61pOeqIx,2,2521254771359744,2,10985214
HChMkIi5r8qg61pOeqIx,3,2538392190763008,24,10985252
HChMkIi5r8qg61pOeqIx,4,2536742142361600,24,10985284
HChMkIi5r8qg61pOeqIx,5,2521513653084160,2,10985319
HChMkIi5r8qg61pOeqIx,6,2537807186894848,1,10985369
HChMkIi5r8qg61pOeqIx,7,2497539246735360,5,10985393
HChMkIi5r8qg61pOeqIx,8,2538546024292352,24,10985397
HChMkIi5r8qg61pOeqIx,9,2538546024308737,24,10985399
HChMkIi5r8qg61pOeqIx,10,2538546024316928,24,10985400
HChMkIl6NfBXY0JkO8QW,1,2539125892186112,17,10985437
HChMkIl6NfBXY0JkO8QW,2,2536777109823489,24,10985499
HChMkIl6NfBXY0JkO8QW,3,2536876677677057,23,10985513
HChMkIl6NfBXY0JkO8QW,4,2535404869091328,4,10985521
HChMkIl6NfBXY0JkO8QW,5,2535937331281920,23,10985539
HChMkIo89n1AcIqjzdNo,1,2497795808190464,5,10985578
HChMkIo89n1AcIqjzdNo,2,2536901710495744,23,10985598
HChMkIo89n1AcIqjzdNo,3,2538376104656896,14,10985632
HChMkIo89n1AcIqjzdNo,4,2521393429315585,2,10985678
HChMkIo89n1AcIqjzdNo,5,2537554127511552,23,10985681
